sample_id,station_id,station_name,observed_at,date,month,longitude,latitude,chla_ug_l,chla_mg_l,tsm_mg_l,sdd_cm,sdd_m,water_temp_c,quality_flag,quality_note,source_name,source_file,source_row,acquisition_date,rrs_490,rrs_560,rrs_665,rrs_705,rrs_842
Lake Taihu_20201222_Water_dataset_000,IN_SITU_GROUP,野外采样点(独立坐标),2020-12-22 09:52:00,2020-12-22,2020-12,120.1990832,31.2470365,6.95,0.0069500000000000004,32.0,,,6.385,Q00,,zenodo_taihu_insitu,storage\raw\zenodo_taihu_insitu\Lake Taihu_20201222_Water_dataset.xlsx,2,2026-08-24 01:14:24,,,,,
Lake Taihu_20201222_Water_dataset_001,IN_SITU_GROUP,野外采样点(独立坐标),2020-12-22 10:07:00,2020-12-22,2020-12,120.1894288,31.21141317,7.12,0.0071200000000000005,17.0,,,6.414,Q00,,zenodo_taihu_insitu,storage\raw\zenodo_taihu_insitu\Lake Taihu_20201222_Water_dataset.xlsx,3,2026-08-24 01:14:24,,,,,
Lake Taihu_20201222_Water_dataset_002,IN_SITU_GROUP,野外采样点(独立坐标),2020-12-22 10:21:00,2020-12-22,2020-12,120.1951193,31.1724955,6.96,0.00696,7.0,,,6.573,Q00,,zenodo_taihu_insitu,storage\raw\zenodo_taihu_insitu\Lake Taihu_20201222_Water_dataset.xlsx,4,2026-08-24 01:14:24,,,,,
Lake Taihu_20201222_Water_dataset_003,IN_SITU_GROUP,野外采样点(独立坐标),2020-12-22 10:33:00,2020-12-22,2020-12,120.228107,31.173293,6.16,0.0061600000000000005,16.0,,,6.528,Q00,,zenodo_taihu_insitu,storage\raw\zenodo_taihu_insitu\Lake Taihu_20201222_Water_dataset.xlsx,5,2026-08-24 01:14:24,,,,,
Lake Taihu_20201222_Water_dataset_004,IN_SITU_GROUP,野外采样点(独立坐标),2020-12-22 11:00:00,2020-12-22,2020-12,120.2310283,31.246582,5.36,0.00536,25.0,,,6.466,Q00,,zenodo_taihu_insitu,storage\raw\zenodo_taihu_insitu\Lake Taihu_20201222_Water_dataset.xlsx,6,2026-08-24 01:14:24,,,,,
Lake Taihu_20201222_Water_dataset_005,IN_SITU_GROUP,野外采样点(独立坐标),2020-12-22 11:12:00,2020-12-22,2020-12,120.2629922,31.24568283,5.67,0.00567,19.0,,,6.422,Q00,,zenodo_taihu_insitu,storage\raw\zenodo_taihu_insitu\Lake Taihu_20201222_Water_dataset.xlsx,7,2026-08-24 01:14:24,,,,,
Lake Taihu_20201222_Water_dataset_006,IN_SITU_GROUP,野外采样点(独立坐标),2020-12-22 11:25:00,2020-12-22,2020-12,120.258994,31.21098317,6.46,0.00646,4.0,,,6.53,Q00,,zenodo_taihu_insitu,storage\raw\zenodo_taihu_insitu\Lake Taihu_20201222_Water_dataset.xlsx,8,2026-08-24 01:14:24,,,,,
Lake Taihu_20201222_Water_dataset_007,IN_SITU_GROUP,野外采样点(独立坐标),2020-12-22 11:37:00,2020-12-22,2020-12,120.2588338,31.1861585,5.36,0.00536,4.0,,,6.537,Q00,,zenodo_taihu_insitu,storage\raw\zenodo_taihu_insitu\Lake Taihu_20201222_Water_dataset.xlsx,9,2026-08-24 01:14:24,,,,,
Lake Taihu_20201222_Water_dataset_008,IN_SITU_GROUP,野外采样点(独立坐标),2020-12-22 12:02:00,2020-12-22,2020-12,120.2945968,31.228659,5.83,0.00583,21.0,,,6.748,Q00,,zenodo_taihu_insitu,storage\raw\zenodo_taihu_insitu\Lake Taihu_20201222_Water_dataset.xlsx,10,2026-08-24 01:14:24,,,,,
Lake Taihu_20201222_Water_dataset_009,IN_SITU_GROUP,野外采样点(独立坐标),2020-12-22 12:17:00,2020-12-22,2020-12,120.3178983,31.20877583,5.37,0.00537,12.0,,,6.838,Q00,,zenodo_taihu_insitu,storage\raw\zenodo_taihu_insitu\Lake Taihu_20201222_Water_dataset.xlsx,11,2026-08-24 01:14:24,,,,,
Lake Taihu_20221213_Water_dataset_000,IN_SITU_GROUP,野外采样点(独立坐标),2022-12-13 10:25:05,2022-12-13,2022-12,119.9624,31.28734,2.23,0.0022299999999999998,33.0,30.0,0.3,8.048,Q00,,zenodo_taihu_insitu,storage\raw\zenodo_taihu_insitu\Lake Taihu_20221213_Water_dataset.xlsx,2,2026-08-24 01:14:25,,,,,
Lake Taihu_20221213_Water_dataset_001,IN_SITU_GROUP,野外采样点(独立坐标),2022-12-13 10:49:27,2022-12-13,2022-12,119.9464,31.26392,1.13,0.00113,37.0,29.0,0.29,8.004,Q00,,zenodo_taihu_insitu,storage\raw\zenodo_taihu_insitu\Lake Taihu_20221213_Water_dataset.xlsx,3,2026-08-24 01:14:25,,,,,
Lake Taihu_20221213_Water_dataset_002,IN_SITU_GROUP,野外采样点(独立坐标),2022-12-13 11:04:10,2022-12-13,2022-12,119.9642,31.23598,1.59,0.00159,49.0,27.0,0.27,8.163,Q00,,zenodo_taihu_insitu,storage\raw\zenodo_taihu_insitu\Lake Taihu_20221213_Water_dataset.xlsx,4,2026-08-24 01:14:25,,,,,
Lake Taihu_20221213_Water_dataset_003,IN_SITU_GROUP,野外采样点(独立坐标),2022-12-13 11:19:47,2022-12-13,2022-12,119.9928,31.24533,1.59,0.00159,60.0,25.0,0.25,8.205,Q00,,zenodo_taihu_insitu,storage\raw\zenodo_taihu_insitu\Lake Taihu_20221213_Water_dataset.xlsx,5,2026-08-24 01:14:25,,,,,
Lake Taihu_20221213_Water_dataset_004,IN_SITU_GROUP,野外采样点(独立坐标),2022-12-13 11:36:11,2022-12-13,2022-12,120.0112,31.19916,1.36,0.00136,61.0,20.0,0.2,8.393,Q00,,zenodo_taihu_insitu,storage\raw\zenodo_taihu_insitu\Lake Taihu_20221213_Water_dataset.xlsx,6,2026-08-24 01:14:25,,,,,
Lake Taihu_20221213_Water_dataset_005,IN_SITU_GROUP,野外采样点(独立坐标),2022-12-13 11:51:05,2022-12-13,2022-12,120.0248,31.22704,2.09,0.00209,64.0,26.0,0.26,8.349,Q00,,zenodo_taihu_insitu,storage\raw\zenodo_taihu_insitu\Lake Taihu_20221213_Water_dataset.xlsx,7,2026-08-24 01:14:25,,,,,
Lake Taihu_20221213_Water_dataset_006,IN_SITU_GROUP,野外采样点(独立坐标),2022-12-13 12:14:56,2022-12-13,2022-12,120.0464,31.26719,2.68,0.00268,66.0,23.0,0.23,8.234,Q00,,zenodo_taihu_insitu,storage\raw\zenodo_taihu_insitu\Lake Taihu_20221213_Water_dataset.xlsx,8,2026-08-24 01:14:25,,,,,
Lake Taihu_20221213_Water_dataset_007,IN_SITU_GROUP,野外采样点(独立坐标),2022-12-13 12:30:15,2022-12-13,2022-12,120.0124,31.27985,2.76,0.00276,47.0,20.0,0.2,8.301,Q00,,zenodo_taihu_insitu,storage\raw\zenodo_taihu_insitu\Lake Taihu_20221213_Water_dataset.xlsx,9,2026-08-24 01:14:25,,,,,
Lake Taihu_20221213_Water_dataset_008,IN_SITU_GROUP,野外采样点(独立坐标),2022-12-13 12:43:55,2022-12-13,2022-12,119.9966,31.31349,3.64,0.00364,30.0,30.0,0.3,8.333,Q00,,zenodo_taihu_insitu,storage\raw\zenodo_taihu_insitu\Lake Taihu_20221213_Water_dataset.xlsx,10,2026-08-24 01:14:25,,,,,
Lake Taihu_20221213_Water_dataset_009,IN_SITU_GROUP,野外采样点(独立坐标),2022-12-13 12:56:50,2022-12-13,2022-12,120.0137,31.33761,1.98,0.00198,32.0,35.0,0.35,8.426,Q00,,zenodo_taihu_insitu,storage\raw\zenodo_taihu_insitu\Lake Taihu_20221213_Water_dataset.xlsx,11,2026-08-24 01:14:25,,,,,
Lake Taihu_20221213_Water_dataset_010,IN_SITU_GROUP,野外采样点(独立坐标),2022-12-13 13:09:42,2022-12-13,2022-12,120.0051,31.35129,2.72,0.00272,14.0,40.0,0.4,8.674,Q00,,zenodo_taihu_insitu,storage\raw\zenodo_taihu_insitu\Lake Taihu_20221213_Water_dataset.xlsx,12,2026-08-24 01:14:25,,,,,
Lake Taihu_20221213_Water_dataset_011,IN_SITU_GROUP,野外采样点(独立坐标),2022-12-13 13:18:36,2022-12-13,2022-12,120.006,31.36902,2.09,0.00209,10.0,45.0,0.45,8.736,Q00,,zenodo_taihu_insitu,storage\raw\zenodo_taihu_insitu\Lake Taihu_20221213_Water_dataset.xlsx,13,2026-08-24 01:14:25,,,,,
Lake Taihu_20221213_Water_dataset_012,IN_SITU_GROUP,野外采样点(独立坐标),2022-12-13 13:28:16,2022-12-13,2022-12,119.9909,31.35878,3.37,0.00337,13.0,38.0,0.38,8.86,Q00,,zenodo_taihu_insitu,storage\raw\zenodo_taihu_insitu\Lake Taihu_20221213_Water_dataset.xlsx,14,2026-08-24 01:14:25,,,,,
Lake Taihu_20231017_Water_dataset_000,IN_SITU_GROUP,野外采样点(独立坐标),2023-10-17 09:52:00,2023-10-17,2023-10,119.9901,31.30853,17.76,0.01776,25.0,20.0,0.2,21.479,Q00,,zenodo_taihu_insitu,storage\raw\zenodo_taihu_insitu\Lake Taihu_20231017_Water_dataset.xlsx,2,2026-08-24 01:14:25,,,,,
Lake Taihu_20231017_Water_dataset_001,IN_SITU_GROUP,野外采样点(独立坐标),2023-10-17 10:01:00,2023-10-17,2023-10,120.0052,31.32134,13.47,0.013470000000000001,27.0,20.0,0.2,21.698,Q00,,zenodo_taihu_insitu,storage\raw\zenodo_taihu_insitu\Lake Taihu_20231017_Water_dataset.xlsx,3,2026-08-24 01:14:25,,,,,
Lake Taihu_20231017_Water_dataset_002,IN_SITU_GROUP,野外采样点(独立坐标),2023-10-17 10:09:00,2023-10-17,2023-10,119.9922,31.32065,16.2,0.0162,25.0,30.0,0.3,21.528,Q00,,zenodo_taihu_insitu,storage\raw\zenodo_taihu_insitu\Lake Taihu_20231017_Water_dataset.xlsx,4,2026-08-24 01:14:25,,,,,
Lake Taihu_20231017_Water_dataset_003,IN_SITU_GROUP,野外采样点(独立坐标),2023-10-17 10:17:00,2023-10-17,2023-10,119.9823,31.32756,16.29,0.01629,24.0,30.0,0.3,21.64,Q00,,zenodo_taihu_insitu,storage\raw\zenodo_taihu_insitu\Lake Taihu_20231017_Water_dataset.xlsx,5,2026-08-24 01:14:25,,,,,
Lake Taihu_20231017_Water_dataset_004,IN_SITU_GROUP,野外采样点(独立坐标),2023-10-17 10:39:00,2023-10-17,2023-10,120.03,31.36473,15.45,0.015449999999999998,12.0,50.0,0.5,22.084,Q00,,zenodo_taihu_insitu,storage\raw\zenodo_taihu_insitu\Lake Taihu_20231017_Water_dataset.xlsx,6,2026-08-24 01:14:25,,,,,
Lake Taihu_20231017_Water_dataset_005,IN_SITU_GROUP,野外采样点(独立坐标),2023-10-17 10:58:00,2023-10-17,2023-10,120.0323,31.3412,18.03,0.01803,9.0,40.0,0.4,22.095,Q00,,zenodo_taihu_insitu,storage\raw\zenodo_taihu_insitu\Lake Taihu_20231017_Water_dataset.xlsx,7,2026-08-24 01:14:25,,,,,
Lake Taihu_20231017_Water_dataset_006,IN_SITU_GROUP,野外采样点(独立坐标),2023-10-17 11:12:00,2023-10-17,2023-10,120.0274,31.3009,13.72,0.013720000000000001,24.0,30.0,0.3,21.832,Q00,,zenodo_taihu_insitu,storage\raw\zenodo_taihu_insitu\Lake Taihu_20231017_Water_dataset.xlsx,8,2026-08-24 01:14:25,,,,,
Lake Taihu_20231017_Water_dataset_007,IN_SITU_GROUP,野外采样点(独立坐标),2023-10-17 11:25:00,2023-10-17,2023-10,120.0338,31.28923,7.25,0.00725,15.0,40.0,0.4,21.815,Q00,,zenodo_taihu_insitu,storage\raw\zenodo_taihu_insitu\Lake Taihu_20231017_Water_dataset.xlsx,9,2026-08-24 01:14:25,,,,,
Lake Taihu_20231017_Water_dataset_008,IN_SITU_GROUP,野外采样点(独立坐标),2023-10-17 11:38:00,2023-10-17,2023-10,120.0375,31.24859,5.4,0.0054,17.0,30.0,0.3,21.838,Q00,,zenodo_taihu_insitu,storage\raw\zenodo_taihu_insitu\Lake Taihu_20231017_Water_dataset.xlsx,10,2026-08-24 01:14:25,,,,,
Lake Taihu_20231017_Water_dataset_009,IN_SITU_GROUP,野外采样点(独立坐标),2023-10-17 11:48:00,2023-10-17,2023-10,120.0123,31.24572,4.52,0.00452,14.0,50.0,0.5,21.784,Q00,,zenodo_taihu_insitu,storage\raw\zenodo_taihu_insitu\Lake Taihu_20231017_Water_dataset.xlsx,11,2026-08-24 01:14:25,,,,,
Lake Taihu_20231017_Water_dataset_010,IN_SITU_GROUP,野外采样点(独立坐标),2023-10-17 12:00:00,2023-10-17,2023-10,119.9878,31.24665,4.71,0.00471,17.0,50.0,0.5,21.544,Q00,,zenodo_taihu_insitu,storage\raw\zenodo_taihu_insitu\Lake Taihu_20231017_Water_dataset.xlsx,12,2026-08-24 01:14:25,,,,,
Lake Taihu_20231017_Water_dataset_011,IN_SITU_GROUP,野外采样点(独立坐标),2023-10-17 12:08:00,2023-10-17,2023-10,119.9987,31.2617,4.94,0.004940000000000001,17.0,40.0,0.4,21.731,Q00,,zenodo_taihu_insitu,storage\raw\zenodo_taihu_insitu\Lake Taihu_20231017_Water_dataset.xlsx,13,2026-08-24 01:14:25,,,,,
Lake Taihu_20231017_Water_dataset_012,IN_SITU_GROUP,野外采样点(独立坐标),2023-10-17 12:16:00,2023-10-17,2023-10,119.9893,31.2683,7.73,0.007730000000000001,20.0,30.0,0.3,21.654,Q00,,zenodo_taihu_insitu,storage\raw\zenodo_taihu_insitu\Lake Taihu_20231017_Water_dataset.xlsx,14,2026-08-24 01:14:25,,,,,
Lake Taihu_20231017_Water_dataset_013,IN_SITU_GROUP,野外采样点(独立坐标),2023-10-17 12:26:00,2023-10-17,2023-10,119.9667,31.24118,6.72,0.006719999999999999,22.0,30.0,0.3,21.714,Q00,,zenodo_taihu_insitu,storage\raw\zenodo_taihu_insitu\Lake Taihu_20231017_Water_dataset.xlsx,15,2026-08-24 01:14:25,,,,,
Lake Taihu_20231017_Water_dataset_014,IN_SITU_GROUP,野外采样点(独立坐标),2023-10-17 12:34:00,2023-10-17,2023-10,119.9635,31.23002,7.26,0.00726,25.0,30.0,0.3,21.744,Q00,,zenodo_taihu_insitu,storage\raw\zenodo_taihu_insitu\Lake Taihu_20231017_Water_dataset.xlsx,16,2026-08-24 01:14:25,,,,,
Lake Taihu_20231017_Water_dataset_015,IN_SITU_GROUP,野外采样点(独立坐标),2023-10-17 12:42:00,2023-10-17,2023-10,119.9738,31.2155,6.54,0.00654,21.0,30.0,0.3,21.672,Q00,,zenodo_taihu_insitu,storage\raw\zenodo_taihu_insitu\Lake Taihu_20231017_Water_dataset.xlsx,17,2026-08-24 01:14:25,,,,,
Lake Taihu_20231017_Water_dataset_016,IN_SITU_GROUP,野外采样点(独立坐标),2023-10-17 12:55:00,2023-10-17,2023-10,119.928,31.2363,8.22,0.00822,32.0,30.0,0.3,21.843,Q00,,zenodo_taihu_insitu,storage\raw\zenodo_taihu_insitu\Lake Taihu_20231017_Water_dataset.xlsx,18,2026-08-24 01:14:25,,,,,
Lake Taihu_20231017_Water_dataset_017,IN_SITU_GROUP,野外采样点(独立坐标),2023-10-17 13:04:00,2023-10-17,2023-10,119.9255,31.25514,9.73,0.00973,12.0,40.0,0.4,22.142,Q00,,zenodo_taihu_insitu,storage\raw\zenodo_taihu_insitu\Lake Taihu_20231017_Water_dataset.xlsx,19,2026-08-24 01:14:25,,,,,
