source_id,category,provider,dataset,access_mode,endpoint_or_url,auth,temporal_coverage,update_frequency,spatial_resolution,key_variables,horizon_role,license_risk,verification,priority,next_action
mee_surface_water_realtime,water_quality,生态环境部,国家地表水水质自动监测实时数据,HTML_PUBLIC,https://szzdjc.cnemc.cn:8070/GJZ/Business/Publish/Main.html,none,current,4-hour,station,"pH,DO,CODMn,NH3-N,TP,TN,water_temperature; lake stations may include chlorophyll_a and algae_density","1-3d;7-15d",public-page-no-documented-api,V2_official,P0,"人工确认页面条款与robots；能导出则优先导出；否则申请HJ1404标准接口"
hj1404_station_protocol,water_quality,生态环境部,HJ 1404-2024水质自动监测站通信协议,STANDARD,https://www.mee.gov.cn/ywgz/fgbz/bz/bzwb/jcffbz/202501/t20250126_1101554.shtml,none,2025-present,stream,station,"station_id,time,parameter_code,value,status","1-3d;7-15d",open-standard,V1_live,P0,"授权站点接入统一按HJ1404适配"
nesdc_taihu_2007_2015,water_quality,国家生态科学数据中心,2007-2015太湖水体理化数据,API_METADATA_ORDER,https://www.nesdc.org.cn/api/sdoMetadata/5fa53680042ebb70d0c833d7,JWT-or-contact,2007-2015,monthly,8-stations,"Secchi_depth,depth,water_temperature,EC,TSS,DO,pH,SiO3,PO4,NO2,NO3,NH3,COD,TP,TN,DOC",historical-calibration,CC-BY-NC-4.0-and-download-authorization,V1_live,P1,"提交高校科研用途申请并保存许可凭证"
lake_geodata_taihu,water_quality,湖泊-流域科学数据中心,太湖水质与生态专题数据,ORDER_PORTAL,https://lake.geodata.cn/datapplication/index.html,account-and-order,historical,varies,station-or-grid,"water_quality,biology,meteorology,sediment,remote_sensing",all-historical,terms-per-dataset,V2_official,P1,"按字段清单申请并记录数据集DOI与再分发限制"
geodata_taihu_2000_2020,water_quality,国家地球系统科学数据中心,2000-2020太湖水质数据集,ORDER_PORTAL,https://www.geodata.cn/main/face_science_detail?guid=30292244868129,account-and-order,2000-2020,quarterly,14-stations,"TN,TP,chlorophyll_a,station_metadata","30-90d;calibration",dataset-license-and-login,V2_official,P1,"申请下载；禁止把季度值伪造为日观测"
cnern_taihu_monthly,water_quality,国家生态系统观测研究网络,太湖长期月度水质数据,REGISTERED_DOWNLOAD,https://www.cnern.org.cn/data/meta?id=41979,account,historical,monthly,station,"nutrients,physicochemical_parameters","7-15d;30-90d;calibration",terms-per-dataset,V2_official,P1,"注册后验证文件、字段与许可"
thqbca_zenodo,integrated,Scientific Data/Zenodo,THQBCA太湖水质蓝藻与气候综合数据,API_FILE_DIRECT,https://zenodo.org/api/records/13917285,none,historical,monthly-to-annual,station-and-grid,"water_quality,phytoplankton_biomass,phytoplankton_number,climate,water_level,FAC,chlorophyll_a,SDD,TSI",historical-training-and-calibration,CC-license-check-record,V1_live,P0,"已下载解析；固化checksum、版本和字段血缘"
biotime_taihu_phyto,algae,BioTIME,太湖浮游植物群落时间序列,FILE_DIRECT,https://biotime.st-andrews.ac.uk/selectStudy.php?study=741,none,1991-2006,study-specific,station,"species,abundance,biomass,time,location",historical-algae-calibration,terms-per-study,V2_official,P2,"下载并建立物种到蓝藻门/属映射"
wuxi_open_data,water_quality,无锡市公共数据开放平台,无锡水环境开放数据目录,PORTAL_API_APPLICATION,http://data.wuxi.gov.cn/,account-or-online-authorization,current-and-historical,varies,station,"candidate_station_water_quality,hydrology",all,individual-dataset-authorization,V3_candidate,P1,"目录检索太湖/水质/藻情；记录具体资源ID和接口文档后才启用"
zhejiang_open_data,water_quality,浙江省公共数据开放平台,湖州及环太湖水环境数据目录,PORTAL_API_APPLICATION,https://data.zjzwfw.gov.cn/dopServer/,account-or-application,current-and-historical,varies,station,"candidate_station_water_quality,hydrology",all,individual-dataset-authorization,V3_candidate,P1,"检索湖州/太湖/水质；不逆向登录接口"
suzhou_open_data,water_quality,苏州市公共数据开放平台,苏州环太湖水环境数据目录,PORTAL_API_APPLICATION,https://www.suzhou.gov.cn/szsrmzf/zfwj/202309/9ca88b1e06c14b17996804de32cc3b11.shtml,account-or-application,current-and-historical,varies,station,"candidate_station_water_quality,hydrology",all,conditional-open-data,V3_candidate,P2,"从开放目录申请具体数据集而非抓取政务后台"
cdse_sentinel2_l2a,remote_sensing,Copernicus Data Space Ecosystem,Sentinel-2 L2A,STAC_API_OAUTH,https://stac.dataspace.copernicus.eu/v1/collections/sentinel-2-l2a,optional-for-search-required-for-download,2015-present,nominal-5-day,10m-20m,"B02,B03,B04,B05,B08,B8A,B11,SCL","1-3d-state;7-15d-trend;targets",Copernicus-free-use,V1_live,P0,"迁移旧STAC端点；按太湖bbox增量检索并下载窗口/COG"
cdse_sentinel3_olci_l2,remote_sensing,Copernicus Data Space Ecosystem,Sentinel-3 OLCI L2 Water,SENTINEL_HUB_API,https://documentation.dataspace.copernicus.eu/APIs/SentinelHub/Data/S3OLCIL2.html,OAuth,2016-present,near-daily,300m,"water_leaving_reflectance,chlorophyll_related_bands,quality_flags","1-3d-state;7-15d-trend",Copernicus-free-use,V2_official,P1,"注册OAuth客户端并验证太湖Process API样例"
clms_lwq_nrt_300m_v2,remote_sensing,Copernicus Land Monitoring Service,Lake Water Quality NRT Global 300m 10-daily V2,SENTINEL_HUB_BYOC,https://documentation.dataspace.copernicus.eu/APIs/SentinelHub/Data/clms/bio-geophysical-parameters/water-bodies/lake-water-quality/lwq-nrt_global_300m_10daily_v2.html,OAuth,2024-present,10-day-NRT,300m,"CHLAMEAN,CHLAUNC,FCBPROB,water_leaving_reflectance","1-3d-latest-state;7-15d;target-proxy",Copernicus-free-use,V1_live,P0,"使用BYOC collection 5c2c9b2c-2893-41d9-b2bc-fbd6e5b8b31d按太湖裁剪；不得下载全球整景"
clms_lwq_catalog,remote_sensing,Copernicus Land Monitoring Service,Lake Water Quality Catalogue CSV,FILE_DIRECT,https://csv.dataspace.copernicus.eu/CLMS/bio-geophysical/lake_water_quality/,none,2002-present,per-product,global-catalog,"product_date,s3_path,size,product_metadata",discovery-index,Copernicus-free-use,V1_live,P0,"每日拉取CSV目录并按产品日期去重"
nasa_lance_modis_viirs,remote_sensing,NASA LANCE,MODIS/VIIRS Near Real-Time,HTTPS_API,https://lance4.modaps.eosdis.nasa.gov/,Earthdata-token,2000-present,near-real-time-about-hours,375m-1km,"surface_reflectance,cloud_mask,thermal_or_ocean_color_products","1-3d-backup;7-15d-trend",NASA-data-policy,V2_official,P1,"申请Earthdata token并仅选太湖瓦片"
nasa_oceancolor,remote_sensing,NASA Ocean Biology DAAC,OceanColor Level-2/3 chlorophyll,HTTPS_API,https://oceandata.sci.gsfc.nasa.gov/,Earthdata-login,mission-dependent,daily-to-monthly,mission-dependent,"chlorophyll_a,remote_sensing_reflectance,quality_flags",historical-and-backup,inland-turbid-water-validity-risk,V2_official,P2,"先做太湖浑浊水体验证；不直接当真值"
usgs_landsat_c2_l2,remote_sensing,USGS,Landsat Collection 2 Level-2,M2M_API,https://m2m.cr.usgs.gov/,EarthExplorer-account-token,1982-present,16-day-per-satellite,30m,"surface_reflectance,QA_PIXEL,water_temperature_if_available",historical-retrieval-and-validation,USGS-data-policy,V2_official,P1,"注册M2M并复用bst_oli叶绿素反演代码做基线"
china_gaofen_cpeos,remote_sensing,国家遥感数据与应用服务平台,高分一号/五号/六号数据,REGISTERED_ORDER,https://www.cpeos.org.cn/dataSearch3D/,account-and-order,mission-dependent,mission-dependent,submeter-to-30m,"multispectral,hyperspectral",high-resolution-case-study,order-and-use-terms,V2_official,P2,"仅作为答辩增强；先确认科研免费配额与交付周期"
esa_lakes_cci,remote_sensing,ESA Climate Change Initiative,Lakes CCI v3,REGISTERED_FILE,https://climate.esa.int/en/catalogue/a56dba09df8a42ec9fba8b8c7a5e1f69/,CEDA-account,1992-2023,variable,global-lake-products,"lake_water_level,extent,surface_temperature,reflectance,storage_change","30-90d;climatology",coverage-must-be-verified,V2_official,P2,"先检查Taihu lake_id与覆盖再下载"
cma_surface_3hour,meteorology,中国气象数据网,中国地面气象基本观测3小时数据,REGISTERED_DOWNLOAD,https://k.data.cma.cn/mekb/?dataCode=A.0012.0001&r=data%2Fdetail,real-name-education-or-research,current-rolling,3-hour-with-about-2-day-lag,station,"air_temperature,pressure,humidity,wind,precipitation","7-15d-features;verification",account-and-purpose-limits,V2_official,P1,"用学生证明实名申请；记录站点和文件批次"
cma_cldas,meteorology,中国气象数据网,CLDAS陆面同化产品,REGISTERED_DOWNLOAD,https://data.cma.cn/,real-name-account,2008-present,near-real-time,0.0625-degree,"temperature,precipitation,humidity,wind,shortwave_radiation,soil_moisture","1-3d-state;7-15d",account-and-data-policy,V2_official,P1,"登录后按太湖bbox申请变量与时段"
cma_daily_history,meteorology,中国气象数据网,中国地面气候资料日值V3.0,REGISTERED_DOWNLOAD,https://m.data.cma.cn/data/detail/dataCode/SURF_CLI_CHN_MUL_DAY_V3.0.html,real-name-education-or-research,1951-present,daily,824-stations,"temperature,precipitation,wind,humidity,sunshine",historical-training,account-and-purpose-limits,V2_official,P1,"申请太湖周边站长期日值"
ecmwf_open_ifs_aifs,meteorology,ECMWF,Open Data IFS/AIFS forecast,OPEN_OBJECT_API,https://data.ecmwf.int/forecasts/,none,rolling,4-runs-per-day,0.25-degree,"2m_temperature,precipitation,10m_wind,shortwave_radiation,cloud,pressure","1-3d;7-15d",open-data-terms,V2_official,P0,"实现ecmwf-opendata适配器并保留run_time/lead_time/member"
era5_land,meteorology,Copernicus Climate Data Store,ERA5-Land hourly,CDS_API,https://cds.climate.copernicus.eu/datasets/reanalysis-era5-land?tab=download,CDS-account-key,1950-present,monthly-release-hourly-values,0.1-degree,"temperature,precipitation,wind,radiation,evaporation,soil_moisture",historical-training-and-gap-reference,CDS-license,V2_official,P1,"注册CDS并接受许可；按年分块下载太湖bbox"
c3s_seasonal,meteorology,Copernicus Climate Data Store,C3S seasonal forecasts,CDS_API,https://www.ecmwf.int/en/forecasts/dataset/c3s-seasonal-forecasts,CDS-account-key,1993-present,monthly,1-degree-or-system-specific,"temperature,precipitation,wind,radiation,ensemble_members","30-90d",CDS-license-and-bias,V2_official,P0,"下载hindcast和forecast；做成员统计、偏差订正与概率特征"
noaa_gfs,meteorology,NOAA NCEP,GFS 0.25 degree forecast,HTTP_GRIB_FILTER,https://nomads.ncep.noaa.gov/,none,rolling,6-hour-runs,0.25-degree,"temperature,precipitation,wind,cloud,radiation,pressure","1-3d;7-15d-backup",open-US-government-data,V1_live,P1,"按bbox和变量用filter_gfs_0p25.pl下载；不拉整球GRIB"
nasa_power,meteorology,NASA,NASA POWER point/regional API,REST_API,https://power.larc.nasa.gov/api/temporal/daily/point,none,1981-present,daily,0.5-degree-class,"temperature,precipitation,wind,solar_radiation,humidity",historical-training-and-gap-reference,NASA-data-policy,V1_live,P0,"现有适配器继续使用并增加原始响应归档"
gpm_imerg,meteorology,NASA GPM,IMERG precipitation,EARTHDATA_API,https://gpm.nasa.gov/data/imerg,Earthdata-or-PPS-account,2000-present,30-minute-early-run-about-4h-latency,0.1-degree,"precipitation,quality_index","1-3d-state;7-15d-antecedent-rainfall",NASA-data-policy,V2_official,P1,"申请Earthdata；优先OPeNDAP/子集而非整文件"
open_meteo_dev,meteorology,Open-Meteo,Forecast API development proxy,REST_API,https://api.open-meteo.com/v1/forecast,none,rolling,hourly,model-dependent,"temperature,precipitation,wind,radiation,cloud","development-only-1-15d",service-availability-and-not-final-authoritative,V1_live,P2,"仅开发兜底；生产替换为ECMWF/CMA/NOAA"
tba_current_level,hydrology,水利部太湖流域管理局,太湖及代表站当前水位,HTML_PUBLIC,https://www.tba.gov.cn/,none,current,daily-or-page-update,station,"water_level,station,time",all-lag-features,public-page-no-documented-api,V1_live,P0,"合规低频抓取页面并保存HTML证据；解析漂移报警"
tba_reports,hydrology,水利部太湖流域管理局,水情月报年报及太湖流域公报,FILE_PUBLIC,https://www.tba.gov.cn/,none,historical,monthly-to-annual,basin-and-station,"water_level,runoff,precipitation,dispatch,water_quality_summary","30-90d;historical",public-document-parser-risk,V2_official,P1,"建立PDF/XLS目录与版本化解析器"
mwr_hfc,hydrology,水利部,全国水雨情信息公共服务,HTML_PUBLIC,https://hfc.mwr.cn/,none,current,near-real-time,station,"water_level,rainfall,discharge_if_published","1-3d;7-15d",public-page-no-documented-api,V1_live,P1,"人工确认太湖站点和条款；无公开接口则仅低频快照或申请"
glofas_forecast,hydrology,Copernicus Emergency Management Service,GloFAS forecasts,EWDS_API,https://ewds.climate.copernicus.eu/datasets/cems-glofas-forecast?tab=download,EWDS-account-key,rolling,daily,0.05-degree,"river_discharge,runoff,ensemble_members","7-15d;30-90d-proxy",not-for-time-critical-use-and-local-validity,V2_official,P1,"验证太湖入湖河网格；仅作代理并进行本地校准"
grdc,hydrology,Global Runoff Data Centre,GRDC station discharge,REQUEST_DOWNLOAD,https://grdc.bafg.de/data/data_portal/,research-request,historical,daily-or-monthly,station,"discharge,station_metadata",historical-calibration,research-only-and-no-redistribution,V2_official,P2,"查询太湖流域站点；如有则提交科研申请"
clms_lake_level,hydrology,Copernicus Land Monitoring Service,Lake Water Level global products,FILE_OR_SENTINEL_HUB,https://land.copernicus.eu/en/products/water-bodies,account-may-be-required,1992-present,daily,tracked-lakes,"lake_water_level,quality_flags","7-15d;30-90d",Taihu-coverage-must-be-verified,V2_official,P2,"先查Taihu覆盖与lake_id"
hydrolakes,static_geo,HydroSHEDS,HydroLAKES lake polygons and attributes,FILE_DIRECT,https://www.hydrosheds.org/products/hydrolakes,none,static,versioned,lake-polygon,"lake_boundary,area,depth_estimate,volume,residence_time",static-mechanism-features,CC-BY-4.0,V2_official,P1,"下载亚洲分区并裁剪太湖；与官方岸线核对"
hydrobasins,static_geo,HydroSHEDS,HydroBASINS catchments,FILE_DIRECT,https://www.hydrosheds.org/products/hydrobasins,none,static,versioned,subbasin,"basin_id,upstream_area,topology",static-load-and-catchment-features,HydroSHEDS-license,V2_official,P1,"下载亚洲分区并构建上游关系"
esa_worldcover,static_geo,ESA,WorldCover 10m 2020/2021,FILE_DIRECT,https://esa-worldcover.org/en/data-access,none,2020-2021,annual-snapshot,10m,"land_cover_class,water_mask",static-load-proxies,CC-BY-4.0,V2_official,P1,"按瓦片下载太湖流域并聚合土地利用比例"
copernicus_dem,static_geo,Copernicus Data Space,Copernicus DEM GLO-30,ODATA_OR_S3,https://dataspace.copernicus.eu/explore-data/data-collections/copernicus-contributing-missions/collections-description/COP-DEM,CDSE-account,static,versioned,30m,"elevation,slope,flow_direction_derived",static-hydrodynamic-and-catchment-features,Copernicus-license,V2_official,P1,"下载太湖流域瓦片并派生坡度/汇流特征"
jrc_global_surface_water,static_geo,European Commission JRC,Global Surface Water,FILE_OR_GEE,https://global-surface-water.appspot.com/download,none,1984-2021,annual-or-monthly,30m,"water_occurrence,seasonality,change",water-mask-and-history,Copernicus/JRC-use-terms,V2_official,P2,"用于永久水体掩膜和岸线变化校验"
bst_oli_code,algorithm,GitHub/zgcao,Landsat-8 OLI Taihu chlorophyll-a BST retrieval code,GIT_CLONE,https://github.com/zgcao/bst_oli,none,published-model,versioned,code,"chlorophyll_a_retrieval,band_features,model",retrieval-baseline,MIT,V1_live,P1,"固定commit并在本地匹配样本上重新校准"
