row_id,station_id,month,target_month,actual_provenance,prediction,actual,residual,dataset_split_frozen,fold_id,fold_role,source,in_fit_months,fit_month_max,predict_month_min,predictor_row_id_span,model_sha256,run_id,protocol
314,TAIHU_CT,2011-08,2011-08,proxy_derived,0.323981881688913,0.6111111111111112,0.28712922942219815,train,train_expanding_2fold_late,late_holdout_of_early_fit,oof,False,2011-05,2011-08,234,bf819f895c1f6ff33b4a4f770d40312abdbea42e3caa14402dabad9550a2e980,T3-density-0m-s20260907-cv,train_internal_time_block_cv_v1
315,TAIHU_ET,2011-08,2011-08,proxy_derived,0.2869045289201539,0.59375,0.3068454710798461,train,train_expanding_2fold_late,late_holdout_of_early_fit,oof,False,2011-05,2011-08,234,bf819f895c1f6ff33b4a4f770d40312abdbea42e3caa14402dabad9550a2e980,T3-density-0m-s20260907-cv,train_internal_time_block_cv_v1
316,TAIHU_GH,2011-08,2011-08,proxy_derived,0.25771096850198394,0.5833333333333334,0.32562236483134943,train,train_expanding_2fold_late,late_holdout_of_early_fit,oof,False,2011-05,2011-08,234,bf819f895c1f6ff33b4a4f770d40312abdbea42e3caa14402dabad9550a2e980,T3-density-0m-s20260907-cv,train_internal_time_block_cv_v1
317,TAIHU_ML,2011-08,2011-08,proxy_derived,0.5275128503224209,0.9739583333333334,0.44644548301091247,train,train_expanding_2fold_late,late_holdout_of_early_fit,oof,False,2011-05,2011-08,234,bf819f895c1f6ff33b4a4f770d40312abdbea42e3caa14402dabad9550a2e980,T3-density-0m-s20260907-cv,train_internal_time_block_cv_v1
318,TAIHU_ST,2011-08,2011-08,proxy_derived,0.36972071345899465,0.3298611111111111,-0.03985960234788355,train,train_expanding_2fold_late,late_holdout_of_early_fit,oof,False,2011-05,2011-08,234,bf819f895c1f6ff33b4a4f770d40312abdbea42e3caa14402dabad9550a2e980,T3-density-0m-s20260907-cv,train_internal_time_block_cv_v1
319,TAIHU_WHOLE,2011-08,2011-08,proxy_derived,0.43387295386904784,0.7986111111111112,0.3647381572420633,train,train_expanding_2fold_late,late_holdout_of_early_fit,oof,False,2011-05,2011-08,234,bf819f895c1f6ff33b4a4f770d40312abdbea42e3caa14402dabad9550a2e980,T3-density-0m-s20260907-cv,train_internal_time_block_cv_v1
320,TAIHU_WT,2011-08,2011-08,proxy_derived,0.49044965966710763,0.7482638888888888,0.2578142292217812,train,train_expanding_2fold_late,late_holdout_of_early_fit,oof,False,2011-05,2011-08,234,bf819f895c1f6ff33b4a4f770d40312abdbea42e3caa14402dabad9550a2e980,T3-density-0m-s20260907-cv,train_internal_time_block_cv_v1
321,TAIHU_XK,2011-08,2011-08,proxy_derived,0.25927126047178123,0.21006944444444445,-0.04920181602733678,train,train_expanding_2fold_late,late_holdout_of_early_fit,oof,False,2011-05,2011-08,234,bf819f895c1f6ff33b4a4f770d40312abdbea42e3caa14402dabad9550a2e980,T3-density-0m-s20260907-cv,train_internal_time_block_cv_v1
322,TAIHU_ZS,2011-08,2011-08,proxy_derived,0.4838812468998017,0.8697916666666666,0.3859104197668649,train,train_expanding_2fold_late,late_holdout_of_early_fit,oof,False,2011-05,2011-08,234,bf819f895c1f6ff33b4a4f770d40312abdbea42e3caa14402dabad9550a2e980,T3-density-0m-s20260907-cv,train_internal_time_block_cv_v1
326,TAIHU_CT,2011-11,2011-11,proxy_derived,0.38943953924162245,0.484375,0.09493546075837755,train,train_expanding_2fold_late,late_holdout_of_early_fit,oof,False,2011-05,2011-08,234,bf819f895c1f6ff33b4a4f770d40312abdbea42e3caa14402dabad9550a2e980,T3-density-0m-s20260907-cv,train_internal_time_block_cv_v1
327,TAIHU_ET,2011-11,2011-11,proxy_derived,0.3770151771935627,0.6597222222222222,0.2827070450286595,train,train_expanding_2fold_late,late_holdout_of_early_fit,oof,False,2011-05,2011-08,234,bf819f895c1f6ff33b4a4f770d40312abdbea42e3caa14402dabad9550a2e980,T3-density-0m-s20260907-cv,train_internal_time_block_cv_v1
328,TAIHU_GH,2011-11,2011-11,proxy_derived,0.34476177730930324,0.3975694444444444,0.05280766713514118,train,train_expanding_2fold_late,late_holdout_of_early_fit,oof,False,2011-05,2011-08,234,bf819f895c1f6ff33b4a4f770d40312abdbea42e3caa14402dabad9550a2e980,T3-density-0m-s20260907-cv,train_internal_time_block_cv_v1
329,TAIHU_ML,2011-11,2011-11,proxy_derived,0.41223118524029984,0.4965277777777778,0.08429659253747795,train,train_expanding_2fold_late,late_holdout_of_early_fit,oof,False,2011-05,2011-08,234,bf819f895c1f6ff33b4a4f770d40312abdbea42e3caa14402dabad9550a2e980,T3-density-0m-s20260907-cv,train_internal_time_block_cv_v1
330,TAIHU_ST,2011-11,2011-11,proxy_derived,0.31985457658179,0.19444444444444445,-0.12541013213734556,train,train_expanding_2fold_late,late_holdout_of_early_fit,oof,False,2011-05,2011-08,234,bf819f895c1f6ff33b4a4f770d40312abdbea42e3caa14402dabad9550a2e980,T3-density-0m-s20260907-cv,train_internal_time_block_cv_v1
331,TAIHU_WHOLE,2011-11,2011-11,proxy_derived,0.3954334146274248,0.4635416666666667,0.06810825203924187,train,train_expanding_2fold_late,late_holdout_of_early_fit,oof,False,2011-05,2011-08,234,bf819f895c1f6ff33b4a4f770d40312abdbea42e3caa14402dabad9550a2e980,T3-density-0m-s20260907-cv,train_internal_time_block_cv_v1
332,TAIHU_WT,2011-11,2011-11,proxy_derived,0.427038273671737,0.65625,0.22921172632826298,train,train_expanding_2fold_late,late_holdout_of_early_fit,oof,False,2011-05,2011-08,234,bf819f895c1f6ff33b4a4f770d40312abdbea42e3caa14402dabad9550a2e980,T3-density-0m-s20260907-cv,train_internal_time_block_cv_v1
333,TAIHU_XK,2011-11,2011-11,proxy_derived,0.25652639818948414,0.13541666666666666,-0.12110973152281748,train,train_expanding_2fold_late,late_holdout_of_early_fit,oof,False,2011-05,2011-08,234,bf819f895c1f6ff33b4a4f770d40312abdbea42e3caa14402dabad9550a2e980,T3-density-0m-s20260907-cv,train_internal_time_block_cv_v1
334,TAIHU_ZS,2011-11,2011-11,proxy_derived,0.3980211915784836,0.2604166666666667,-0.1376045249118169,train,train_expanding_2fold_late,late_holdout_of_early_fit,oof,False,2011-05,2011-08,234,bf819f895c1f6ff33b4a4f770d40312abdbea42e3caa14402dabad9550a2e980,T3-density-0m-s20260907-cv,train_internal_time_block_cv_v1
338,TAIHU_CT,2012-02,2012-02,proxy_derived,0.2586788091104497,0.8229166666666666,0.5642378575562169,train,train_expanding_2fold_late,late_holdout_of_early_fit,oof,False,2011-05,2011-08,234,bf819f895c1f6ff33b4a4f770d40312abdbea42e3caa14402dabad9550a2e980,T3-density-0m-s20260907-cv,train_internal_time_block_cv_v1
339,TAIHU_ET,2012-02,2012-02,proxy_derived,0.26201427124669313,0.609375,0.34736072875330687,train,train_expanding_2fold_late,late_holdout_of_early_fit,oof,False,2011-05,2011-08,234,bf819f895c1f6ff33b4a4f770d40312abdbea42e3caa14402dabad9550a2e980,T3-density-0m-s20260907-cv,train_internal_time_block_cv_v1
340,TAIHU_GH,2012-02,2012-02,proxy_derived,0.294667011133157,0.7534722222222222,0.4588052110890652,train,train_expanding_2fold_late,late_holdout_of_early_fit,oof,False,2011-05,2011-08,234,bf819f895c1f6ff33b4a4f770d40312abdbea42e3caa14402dabad9550a2e980,T3-density-0m-s20260907-cv,train_internal_time_block_cv_v1
341,TAIHU_ML,2012-02,2012-02,proxy_derived,0.3392476920745151,0.8836805555555556,0.5444328634810405,train,train_expanding_2fold_late,late_holdout_of_early_fit,oof,False,2011-05,2011-08,234,bf819f895c1f6ff33b4a4f770d40312abdbea42e3caa14402dabad9550a2e980,T3-density-0m-s20260907-cv,train_internal_time_block_cv_v1
342,TAIHU_ST,2012-02,2012-02,proxy_derived,0.32765898475078187,0.3020833333333333,-0.025575651417448553,train,train_expanding_2fold_late,late_holdout_of_early_fit,oof,False,2011-05,2011-08,234,bf819f895c1f6ff33b4a4f770d40312abdbea42e3caa14402dabad9550a2e980,T3-density-0m-s20260907-cv,train_internal_time_block_cv_v1
343,TAIHU_WHOLE,2012-02,2012-02,proxy_derived,0.3055428757440477,0.7100694444444444,0.4045265687003967,train,train_expanding_2fold_late,late_holdout_of_early_fit,oof,False,2011-05,2011-08,234,bf819f895c1f6ff33b4a4f770d40312abdbea42e3caa14402dabad9550a2e980,T3-density-0m-s20260907-cv,train_internal_time_block_cv_v1
344,TAIHU_WT,2012-02,2012-02,proxy_derived,0.35259462838955,0.6701388888888888,0.3175442604993388,train,train_expanding_2fold_late,late_holdout_of_early_fit,oof,False,2011-05,2011-08,234,bf819f895c1f6ff33b4a4f770d40312abdbea42e3caa14402dabad9550a2e980,T3-density-0m-s20260907-cv,train_internal_time_block_cv_v1
345,TAIHU_XK,2012-02,2012-02,proxy_derived,0.36930740361827596,0.4375,0.06819259638172404,train,train_expanding_2fold_late,late_holdout_of_early_fit,oof,False,2011-05,2011-08,234,bf819f895c1f6ff33b4a4f770d40312abdbea42e3caa14402dabad9550a2e980,T3-density-0m-s20260907-cv,train_internal_time_block_cv_v1
346,TAIHU_ZS,2012-02,2012-02,proxy_derived,0.5161349826388884,0.7465277777777778,0.23039279513888944,train,train_expanding_2fold_late,late_holdout_of_early_fit,oof,False,2011-05,2011-08,234,bf819f895c1f6ff33b4a4f770d40312abdbea42e3caa14402dabad9550a2e980,T3-density-0m-s20260907-cv,train_internal_time_block_cv_v1
350,TAIHU_CT,2012-05,2012-05,proxy_derived,0.22410069099977942,0.11805555555555555,-0.10604513544422386,train,train_expanding_2fold_late,late_holdout_of_early_fit,oof,False,2011-05,2011-08,234,bf819f895c1f6ff33b4a4f770d40312abdbea42e3caa14402dabad9550a2e980,T3-density-0m-s20260907-cv,train_internal_time_block_cv_v1
351,TAIHU_ET,2012-05,2012-05,proxy_derived,0.2396958533123897,0.9027777777777778,0.663081924465388,train,train_expanding_2fold_late,late_holdout_of_early_fit,oof,False,2011-05,2011-08,234,bf819f895c1f6ff33b4a4f770d40312abdbea42e3caa14402dabad9550a2e980,T3-density-0m-s20260907-cv,train_internal_time_block_cv_v1
352,TAIHU_GH,2012-05,2012-05,proxy_derived,0.28377762276785723,0.11458333333333333,-0.16919428943452391,train,train_expanding_2fold_late,late_holdout_of_early_fit,oof,False,2011-05,2011-08,234,bf819f895c1f6ff33b4a4f770d40312abdbea42e3caa14402dabad9550a2e980,T3-density-0m-s20260907-cv,train_internal_time_block_cv_v1
353,TAIHU_ML,2012-05,2012-05,proxy_derived,0.3010711013282628,0.3993055555555556,0.09823445422729277,train,train_expanding_2fold_late,late_holdout_of_early_fit,oof,False,2011-05,2011-08,234,bf819f895c1f6ff33b4a4f770d40312abdbea42e3caa14402dabad9550a2e980,T3-density-0m-s20260907-cv,train_internal_time_block_cv_v1
354,TAIHU_ST,2012-05,2012-05,proxy_derived,0.3168584449404762,0.22395833333333334,-0.09290011160714287,train,train_expanding_2fold_late,late_holdout_of_early_fit,oof,False,2011-05,2011-08,234,bf819f895c1f6ff33b4a4f770d40312abdbea42e3caa14402dabad9550a2e980,T3-density-0m-s20260907-cv,train_internal_time_block_cv_v1
355,TAIHU_WHOLE,2012-05,2012-05,proxy_derived,0.3330295965608465,0.7847222222222222,0.4516926256613757,train,train_expanding_2fold_late,late_holdout_of_early_fit,oof,False,2011-05,2011-08,234,bf819f895c1f6ff33b4a4f770d40312abdbea42e3caa14402dabad9550a2e980,T3-density-0m-s20260907-cv,train_internal_time_block_cv_v1
356,TAIHU_WT,2012-05,2012-05,proxy_derived,0.4333069403108463,0.4913194444444444,0.0580125041335981,train,train_expanding_2fold_late,late_holdout_of_early_fit,oof,False,2011-05,2011-08,234,bf819f895c1f6ff33b4a4f770d40312abdbea42e3caa14402dabad9550a2e980,T3-density-0m-s20260907-cv,train_internal_time_block_cv_v1
357,TAIHU_XK,2012-05,2012-05,proxy_derived,0.23420693135471798,0.2725694444444444,0.038362513089726435,train,train_expanding_2fold_late,late_holdout_of_early_fit,oof,False,2011-05,2011-08,234,bf819f895c1f6ff33b4a4f770d40312abdbea42e3caa14402dabad9550a2e980,T3-density-0m-s20260907-cv,train_internal_time_block_cv_v1
358,TAIHU_ZS,2012-05,2012-05,proxy_derived,0.6957192977017198,0.9895833333333334,0.29386403563161356,train,train_expanding_2fold_late,late_holdout_of_early_fit,oof,False,2011-05,2011-08,234,bf819f895c1f6ff33b4a4f770d40312abdbea42e3caa14402dabad9550a2e980,T3-density-0m-s20260907-cv,train_internal_time_block_cv_v1
362,TAIHU_CT,2012-08,2012-08,proxy_derived,0.3717113095238095,0.84375,0.4720386904761905,train,train_expanding_2fold_late,late_holdout_of_early_fit,oof,False,2011-05,2011-08,234,bf819f895c1f6ff33b4a4f770d40312abdbea42e3caa14402dabad9550a2e980,T3-density-0m-s20260907-cv,train_internal_time_block_cv_v1
363,TAIHU_ET,2012-08,2012-08,proxy_derived,0.35766950115615465,0.9010416666666666,0.5433721655105119,train,train_expanding_2fold_late,late_holdout_of_early_fit,oof,False,2011-05,2011-08,234,bf819f895c1f6ff33b4a4f770d40312abdbea42e3caa14402dabad9550a2e980,T3-density-0m-s20260907-cv,train_internal_time_block_cv_v1
364,TAIHU_GH,2012-08,2012-08,proxy_derived,0.3658259135251322,0.8020833333333334,0.43625741980820115,train,train_expanding_2fold_late,late_holdout_of_early_fit,oof,False,2011-05,2011-08,234,bf819f895c1f6ff33b4a4f770d40312abdbea42e3caa14402dabad9550a2e980,T3-density-0m-s20260907-cv,train_internal_time_block_cv_v1
365,TAIHU_ML,2012-08,2012-08,proxy_derived,0.5508112048059967,0.8975694444444444,0.34675823963844776,train,train_expanding_2fold_late,late_holdout_of_early_fit,oof,False,2011-05,2011-08,234,bf819f895c1f6ff33b4a4f770d40312abdbea42e3caa14402dabad9550a2e980,T3-density-0m-s20260907-cv,train_internal_time_block_cv_v1
366,TAIHU_ST,2012-08,2012-08,proxy_derived,0.2615634713955026,0.578125,0.3165615286044974,train,train_expanding_2fold_late,late_holdout_of_early_fit,oof,False,2011-05,2011-08,234,bf819f895c1f6ff33b4a4f770d40312abdbea42e3caa14402dabad9550a2e980,T3-density-0m-s20260907-cv,train_internal_time_block_cv_v1
367,TAIHU_WHOLE,2012-08,2012-08,proxy_derived,0.36443802014440047,0.8402777777777778,0.4758397576333773,train,train_expanding_2fold_late,late_holdout_of_early_fit,oof,False,2011-05,2011-08,234,bf819f895c1f6ff33b4a4f770d40312abdbea42e3caa14402dabad9550a2e980,T3-density-0m-s20260907-cv,train_internal_time_block_cv_v1
368,TAIHU_WT,2012-08,2012-08,proxy_derived,0.4244853670634921,0.7326388888888888,0.30815352182539674,train,train_expanding_2fold_late,late_holdout_of_early_fit,oof,False,2011-05,2011-08,234,bf819f895c1f6ff33b4a4f770d40312abdbea42e3caa14402dabad9550a2e980,T3-density-0m-s20260907-cv,train_internal_time_block_cv_v1
369,TAIHU_XK,2012-08,2012-08,proxy_derived,0.2991051513711017,0.3940972222222222,0.09499207085112049,train,train_expanding_2fold_late,late_holdout_of_early_fit,oof,False,2011-05,2011-08,234,bf819f895c1f6ff33b4a4f770d40312abdbea42e3caa14402dabad9550a2e980,T3-density-0m-s20260907-cv,train_internal_time_block_cv_v1
370,TAIHU_ZS,2012-08,2012-08,proxy_derived,0.5030334614748677,0.9375,0.4344665385251323,train,train_expanding_2fold_late,late_holdout_of_early_fit,oof,False,2011-05,2011-08,234,bf819f895c1f6ff33b4a4f770d40312abdbea42e3caa14402dabad9550a2e980,T3-density-0m-s20260907-cv,train_internal_time_block_cv_v1
374,TAIHU_CT,2012-11,2012-11,proxy_derived,0.3737530829750881,0.3767361111111111,0.002983028136023025,train,train_expanding_2fold_late,late_holdout_of_early_fit,oof,False,2011-05,2011-08,234,bf819f895c1f6ff33b4a4f770d40312abdbea42e3caa14402dabad9550a2e980,T3-density-0m-s20260907-cv,train_internal_time_block_cv_v1
375,TAIHU_ET,2012-11,2012-11,proxy_derived,0.2901781856261022,0.9982638888888888,0.7080857032627866,train,train_expanding_2fold_late,late_holdout_of_early_fit,oof,False,2011-05,2011-08,234,bf819f895c1f6ff33b4a4f770d40312abdbea42e3caa14402dabad9550a2e980,T3-density-0m-s20260907-cv,train_internal_time_block_cv_v1
376,TAIHU_GH,2012-11,2012-11,proxy_derived,0.40077384741512323,0.4722222222222222,0.07144837480709898,train,train_expanding_2fold_late,late_holdout_of_early_fit,oof,False,2011-05,2011-08,234,bf819f895c1f6ff33b4a4f770d40312abdbea42e3caa14402dabad9550a2e980,T3-density-0m-s20260907-cv,train_internal_time_block_cv_v1
377,TAIHU_ML,2012-11,2012-11,proxy_derived,0.47512323977623433,0.6805555555555556,0.20543231577932125,train,train_expanding_2fold_late,late_holdout_of_early_fit,oof,False,2011-05,2011-08,234,bf819f895c1f6ff33b4a4f770d40312abdbea42e3caa14402dabad9550a2e980,T3-density-0m-s20260907-cv,train_internal_time_block_cv_v1
378,TAIHU_ST,2012-11,2012-11,proxy_derived,0.3669921117173719,0.2534722222222222,-0.11351988949514968,train,train_expanding_2fold_late,late_holdout_of_early_fit,oof,False,2011-05,2011-08,234,bf819f895c1f6ff33b4a4f770d40312abdbea42e3caa14402dabad9550a2e980,T3-density-0m-s20260907-cv,train_internal_time_block_cv_v1
379,TAIHU_WHOLE,2012-11,2012-11,proxy_derived,0.4748886890983245,0.8958333333333334,0.4209446442350089,train,train_expanding_2fold_late,late_holdout_of_early_fit,oof,False,2011-05,2011-08,234,bf819f895c1f6ff33b4a4f770d40312abdbea42e3caa14402dabad9550a2e980,T3-density-0m-s20260907-cv,train_internal_time_block_cv_v1
380,TAIHU_WT,2012-11,2012-11,proxy_derived,0.5748956748787483,0.9722222222222222,0.39732654734347395,train,train_expanding_2fold_late,late_holdout_of_early_fit,oof,False,2011-05,2011-08,234,bf819f895c1f6ff33b4a4f770d40312abdbea42e3caa14402dabad9550a2e980,T3-density-0m-s20260907-cv,train_internal_time_block_cv_v1
381,TAIHU_XK,2012-11,2012-11,proxy_derived,0.38444120301477064,0.4982638888888889,0.11382268587411826,train,train_expanding_2fold_late,late_holdout_of_early_fit,oof,False,2011-05,2011-08,234,bf819f895c1f6ff33b4a4f770d40312abdbea42e3caa14402dabad9550a2e980,T3-density-0m-s20260907-cv,train_internal_time_block_cv_v1
382,TAIHU_ZS,2012-11,2012-11,proxy_derived,0.4199685088734568,0.5277777777777778,0.10780926890432097,train,train_expanding_2fold_late,late_holdout_of_early_fit,oof,False,2011-05,2011-08,234,bf819f895c1f6ff33b4a4f770d40312abdbea42e3caa14402dabad9550a2e980,T3-density-0m-s20260907-cv,train_internal_time_block_cv_v1
386,TAIHU_CT,2013-02,2013-02,proxy_derived,0.36793969049372705,0.5954861111111112,0.22754642061738412,train,train_expanding_2fold_late,late_holdout_of_early_fit,oof,False,2011-05,2011-08,234,bf819f895c1f6ff33b4a4f770d40312abdbea42e3caa14402dabad9550a2e980,T3-density-0m-s20260907-cv,train_internal_time_block_cv_v1
387,TAIHU_ET,2013-02,2013-02,proxy_derived,0.41766484616126526,0.8559027777777778,0.43823793161651253,train,train_expanding_2fold_late,late_holdout_of_early_fit,oof,False,2011-05,2011-08,234,bf819f895c1f6ff33b4a4f770d40312abdbea42e3caa14402dabad9550a2e980,T3-density-0m-s20260907-cv,train_internal_time_block_cv_v1
388,TAIHU_GH,2013-02,2013-02,proxy_derived,0.35412419739307766,0.7621527777777778,0.40802858038470013,train,train_expanding_2fold_late,late_holdout_of_early_fit,oof,False,2011-05,2011-08,234,bf819f895c1f6ff33b4a4f770d40312abdbea42e3caa14402dabad9550a2e980,T3-density-0m-s20260907-cv,train_internal_time_block_cv_v1
389,TAIHU_ML,2013-02,2013-02,proxy_derived,0.45768972180886286,0.9270833333333334,0.4693936115244705,train,train_expanding_2fold_late,late_holdout_of_early_fit,oof,False,2011-05,2011-08,234,bf819f895c1f6ff33b4a4f770d40312abdbea42e3caa14402dabad9550a2e980,T3-density-0m-s20260907-cv,train_internal_time_block_cv_v1
390,TAIHU_ST,2013-02,2013-02,proxy_derived,0.3590849075451939,0.5503472222222222,0.1912623146770283,train,train_expanding_2fold_late,late_holdout_of_early_fit,oof,False,2011-05,2011-08,234,bf819f895c1f6ff33b4a4f770d40312abdbea42e3caa14402dabad9550a2e980,T3-density-0m-s20260907-cv,train_internal_time_block_cv_v1
391,TAIHU_WHOLE,2013-02,2013-02,proxy_derived,0.4141123098544973,0.78125,0.3671376901455027,train,train_expanding_2fold_late,late_holdout_of_early_fit,oof,False,2011-05,2011-08,234,bf819f895c1f6ff33b4a4f770d40312abdbea42e3caa14402dabad9550a2e980,T3-density-0m-s20260907-cv,train_internal_time_block_cv_v1
392,TAIHU_WT,2013-02,2013-02,proxy_derived,0.48384410135581996,0.5885416666666666,0.10469756531084667,train,train_expanding_2fold_late,late_holdout_of_early_fit,oof,False,2011-05,2011-08,234,bf819f895c1f6ff33b4a4f770d40312abdbea42e3caa14402dabad9550a2e980,T3-density-0m-s20260907-cv,train_internal_time_block_cv_v1
393,TAIHU_XK,2013-02,2013-02,proxy_derived,0.40556066743827157,0.7725694444444444,0.36700877700617285,train,train_expanding_2fold_late,late_holdout_of_early_fit,oof,False,2011-05,2011-08,234,bf819f895c1f6ff33b4a4f770d40312abdbea42e3caa14402dabad9550a2e980,T3-density-0m-s20260907-cv,train_internal_time_block_cv_v1
394,TAIHU_ZS,2013-02,2013-02,proxy_derived,0.548385726686508,0.6840277777777778,0.1356420510912698,train,train_expanding_2fold_late,late_holdout_of_early_fit,oof,False,2011-05,2011-08,234,bf819f895c1f6ff33b4a4f770d40312abdbea42e3caa14402dabad9550a2e980,T3-density-0m-s20260907-cv,train_internal_time_block_cv_v1
398,TAIHU_CT,2013-05,2013-05,proxy_derived,0.31369497836750415,0.2222222222222222,-0.09147275614528194,train,train_expanding_2fold_late,late_holdout_of_early_fit,oof,False,2011-05,2011-08,234,bf819f895c1f6ff33b4a4f770d40312abdbea42e3caa14402dabad9550a2e980,T3-density-0m-s20260907-cv,train_internal_time_block_cv_v1
399,TAIHU_ET,2013-05,2013-05,proxy_derived,0.27074283681933414,0.7048611111111112,0.434118274291777,train,train_expanding_2fold_late,late_holdout_of_early_fit,oof,False,2011-05,2011-08,234,bf819f895c1f6ff33b4a4f770d40312abdbea42e3caa14402dabad9550a2e980,T3-density-0m-s20260907-cv,train_internal_time_block_cv_v1
400,TAIHU_GH,2013-05,2013-05,proxy_derived,0.33198417176477035,0.19270833333333334,-0.139275838431437,train,train_expanding_2fold_late,late_holdout_of_early_fit,oof,False,2011-05,2011-08,234,bf819f895c1f6ff33b4a4f770d40312abdbea42e3caa14402dabad9550a2e980,T3-density-0m-s20260907-cv,train_internal_time_block_cv_v1
401,TAIHU_ML,2013-05,2013-05,proxy_derived,0.3174033254794972,0.6458333333333334,0.3284300078538362,train,train_expanding_2fold_late,late_holdout_of_early_fit,oof,False,2011-05,2011-08,234,bf819f895c1f6ff33b4a4f770d40312abdbea42e3caa14402dabad9550a2e980,T3-density-0m-s20260907-cv,train_internal_time_block_cv_v1
402,TAIHU_ST,2013-05,2013-05,proxy_derived,0.335300522900132,0.3246527777777778,-0.010647745122354224,train,train_expanding_2fold_late,late_holdout_of_early_fit,oof,False,2011-05,2011-08,234,bf819f895c1f6ff33b4a4f770d40312abdbea42e3caa14402dabad9550a2e980,T3-density-0m-s20260907-cv,train_internal_time_block_cv_v1
403,TAIHU_WHOLE,2013-05,2013-05,proxy_derived,0.34660316426917964,0.4479166666666667,0.10131350239748704,train,train_expanding_2fold_late,late_holdout_of_early_fit,oof,False,2011-05,2011-08,234,bf819f895c1f6ff33b4a4f770d40312abdbea42e3caa14402dabad9550a2e980,T3-density-0m-s20260907-cv,train_internal_time_block_cv_v1
404,TAIHU_WT,2013-05,2013-05,proxy_derived,0.49209244274966907,0.3107638888888889,-0.18132855386078017,train,train_expanding_2fold_late,late_holdout_of_early_fit,oof,False,2011-05,2011-08,234,bf819f895c1f6ff33b4a4f770d40312abdbea42e3caa14402dabad9550a2e980,T3-density-0m-s20260907-cv,train_internal_time_block_cv_v1
405,TAIHU_XK,2013-05,2013-05,proxy_derived,0.21592515432098774,0.3350694444444444,0.11914429012345668,train,train_expanding_2fold_late,late_holdout_of_early_fit,oof,False,2011-05,2011-08,234,bf819f895c1f6ff33b4a4f770d40312abdbea42e3caa14402dabad9550a2e980,T3-density-0m-s20260907-cv,train_internal_time_block_cv_v1
406,TAIHU_ZS,2013-05,2013-05,proxy_derived,0.5756547825727512,0.46875,-0.10690478257275116,train,train_expanding_2fold_late,late_holdout_of_early_fit,oof,False,2011-05,2011-08,234,bf819f895c1f6ff33b4a4f770d40312abdbea42e3caa14402dabad9550a2e980,T3-density-0m-s20260907-cv,train_internal_time_block_cv_v1
410,TAIHU_CT,2013-08,2013-08,proxy_derived,0.3667051315173058,0.6822916666666666,0.3155865351493608,train,train_expanding_2fold_late,late_holdout_of_early_fit,oof,False,2011-05,2011-08,234,bf819f895c1f6ff33b4a4f770d40312abdbea42e3caa14402dabad9550a2e980,T3-density-0m-s20260907-cv,train_internal_time_block_cv_v1
411,TAIHU_ET,2013-08,2013-08,proxy_derived,0.43570940290178584,0.7934027777777778,0.35769337487599195,train,train_expanding_2fold_late,late_holdout_of_early_fit,oof,False,2011-05,2011-08,234,bf819f895c1f6ff33b4a4f770d40312abdbea42e3caa14402dabad9550a2e980,T3-density-0m-s20260907-cv,train_internal_time_block_cv_v1
412,TAIHU_GH,2013-08,2013-08,proxy_derived,0.5401101776069227,0.8489583333333334,0.30884815572641067,train,train_expanding_2fold_late,late_holdout_of_early_fit,oof,False,2011-05,2011-08,234,bf819f895c1f6ff33b4a4f770d40312abdbea42e3caa14402dabad9550a2e980,T3-density-0m-s20260907-cv,train_internal_time_block_cv_v1
413,TAIHU_ML,2013-08,2013-08,proxy_derived,0.4819166098296956,0.8472222222222222,0.3653056123925266,train,train_expanding_2fold_late,late_holdout_of_early_fit,oof,False,2011-05,2011-08,234,bf819f895c1f6ff33b4a4f770d40312abdbea42e3caa14402dabad9550a2e980,T3-density-0m-s20260907-cv,train_internal_time_block_cv_v1
414,TAIHU_ST,2013-08,2013-08,proxy_derived,0.4499939391121033,0.7378472222222222,0.28785328311011893,train,train_expanding_2fold_late,late_holdout_of_early_fit,oof,False,2011-05,2011-08,234,bf819f895c1f6ff33b4a4f770d40312abdbea42e3caa14402dabad9550a2e980,T3-density-0m-s20260907-cv,train_internal_time_block_cv_v1
415,TAIHU_WHOLE,2013-08,2013-08,proxy_derived,0.46121075148809526,0.796875,0.33566424851190474,train,train_expanding_2fold_late,late_holdout_of_early_fit,oof,False,2011-05,2011-08,234,bf819f895c1f6ff33b4a4f770d40312abdbea42e3caa14402dabad9550a2e980,T3-density-0m-s20260907-cv,train_internal_time_block_cv_v1
416,TAIHU_WT,2013-08,2013-08,proxy_derived,0.6572199280753962,0.7083333333333334,0.05111340525793717,train,train_expanding_2fold_late,late_holdout_of_early_fit,oof,False,2011-05,2011-08,234,bf819f895c1f6ff33b4a4f770d40312abdbea42e3caa14402dabad9550a2e980,T3-density-0m-s20260907-cv,train_internal_time_block_cv_v1
417,TAIHU_XK,2013-08,2013-08,proxy_derived,0.38350270922894614,0.7881944444444444,0.4046917352154983,train,train_expanding_2fold_late,late_holdout_of_early_fit,oof,False,2011-05,2011-08,234,bf819f895c1f6ff33b4a4f770d40312abdbea42e3caa14402dabad9550a2e980,T3-density-0m-s20260907-cv,train_internal_time_block_cv_v1
418,TAIHU_ZS,2013-08,2013-08,proxy_derived,0.5384123677248678,0.8211805555555556,0.2827681878306878,train,train_expanding_2fold_late,late_holdout_of_early_fit,oof,False,2011-05,2011-08,234,bf819f895c1f6ff33b4a4f770d40312abdbea42e3caa14402dabad9550a2e980,T3-density-0m-s20260907-cv,train_internal_time_block_cv_v1
422,TAIHU_CT,2013-11,2013-11,proxy_derived,0.34969037973985884,0.6666666666666666,0.3169762869268078,train,train_expanding_2fold_late,late_holdout_of_early_fit,oof,False,2011-05,2011-08,234,bf819f895c1f6ff33b4a4f770d40312abdbea42e3caa14402dabad9550a2e980,T3-density-0m-s20260907-cv,train_internal_time_block_cv_v1
423,TAIHU_ET,2013-11,2013-11,proxy_derived,0.27924977609678125,0.8350694444444444,0.5558196683476632,train,train_expanding_2fold_late,late_holdout_of_early_fit,oof,False,2011-05,2011-08,234,bf819f895c1f6ff33b4a4f770d40312abdbea42e3caa14402dabad9550a2e980,T3-density-0m-s20260907-cv,train_internal_time_block_cv_v1
424,TAIHU_GH,2013-11,2013-11,proxy_derived,0.30304355778769826,0.7569444444444444,0.45390088665674616,train,train_expanding_2fold_late,late_holdout_of_early_fit,oof,False,2011-05,2011-08,234,bf819f895c1f6ff33b4a4f770d40312abdbea42e3caa14402dabad9550a2e980,T3-density-0m-s20260907-cv,train_internal_time_block_cv_v1
425,TAIHU_ML,2013-11,2013-11,proxy_derived,0.378245883625441,0.8159722222222222,0.43772633859678123,train,train_expanding_2fold_late,late_holdout_of_early_fit,oof,False,2011-05,2011-08,234,bf819f895c1f6ff33b4a4f770d40312abdbea42e3caa14402dabad9550a2e980,T3-density-0m-s20260907-cv,train_internal_time_block_cv_v1
426,TAIHU_ST,2013-11,2013-11,proxy_derived,0.2732496383101851,0.6128472222222222,0.3395975839120371,train,train_expanding_2fold_late,late_holdout_of_early_fit,oof,False,2011-05,2011-08,234,bf819f895c1f6ff33b4a4f770d40312abdbea42e3caa14402dabad9550a2e980,T3-density-0m-s20260907-cv,train_internal_time_block_cv_v1
427,TAIHU_WHOLE,2013-11,2013-11,proxy_derived,0.3434860353284832,0.6649305555555556,0.3214445202270724,train,train_expanding_2fold_late,late_holdout_of_early_fit,oof,False,2011-05,2011-08,234,bf819f895c1f6ff33b4a4f770d40312abdbea42e3caa14402dabad9550a2e980,T3-density-0m-s20260907-cv,train_internal_time_block_cv_v1
428,TAIHU_WT,2013-11,2013-11,proxy_derived,0.37122203621031763,0.6180555555555556,0.24683351934523795,train,train_expanding_2fold_late,late_holdout_of_early_fit,oof,False,2011-05,2011-08,234,bf819f895c1f6ff33b4a4f770d40312abdbea42e3caa14402dabad9550a2e980,T3-density-0m-s20260907-cv,train_internal_time_block_cv_v1
429,TAIHU_XK,2013-11,2013-11,proxy_derived,0.2687740196483686,0.4010416666666667,0.13226764701829807,train,train_expanding_2fold_late,late_holdout_of_early_fit,oof,False,2011-05,2011-08,234,bf819f895c1f6ff33b4a4f770d40312abdbea42e3caa14402dabad9550a2e980,T3-density-0m-s20260907-cv,train_internal_time_block_cv_v1
430,TAIHU_ZS,2013-11,2013-11,proxy_derived,0.38327986007771164,0.3541666666666667,-0.029113193411044958,train,train_expanding_2fold_late,late_holdout_of_early_fit,oof,False,2011-05,2011-08,234,bf819f895c1f6ff33b4a4f770d40312abdbea42e3caa14402dabad9550a2e980,T3-density-0m-s20260907-cv,train_internal_time_block_cv_v1
434,TAIHU_CT,2014-02,2014-02,proxy_derived,0.1703721409281305,0.71875,0.5483778590718695,train,train_expanding_2fold_late,late_holdout_of_early_fit,oof,False,2011-05,2011-08,234,bf819f895c1f6ff33b4a4f770d40312abdbea42e3caa14402dabad9550a2e980,T3-density-0m-s20260907-cv,train_internal_time_block_cv_v1
435,TAIHU_ET,2014-02,2014-02,proxy_derived,0.23327930376432973,0.8055555555555556,0.5722762517912259,train,train_expanding_2fold_late,late_holdout_of_early_fit,oof,False,2011-05,2011-08,234,bf819f895c1f6ff33b4a4f770d40312abdbea42e3caa14402dabad9550a2e980,T3-density-0m-s20260907-cv,train_internal_time_block_cv_v1
436,TAIHU_GH,2014-02,2014-02,proxy_derived,0.16424020337301592,0.8003472222222222,0.6361070188492063,train,train_expanding_2fold_late,late_holdout_of_early_fit,oof,False,2011-05,2011-08,234,bf819f895c1f6ff33b4a4f770d40312abdbea42e3caa14402dabad9550a2e980,T3-density-0m-s20260907-cv,train_internal_time_block_cv_v1
437,TAIHU_ML,2014-02,2014-02,proxy_derived,0.15055855241402116,0.9079861111111112,0.75742755869709,train,train_expanding_2fold_late,late_holdout_of_early_fit,oof,False,2011-05,2011-08,234,bf819f895c1f6ff33b4a4f770d40312abdbea42e3caa14402dabad9550a2e980,T3-density-0m-s20260907-cv,train_internal_time_block_cv_v1
438,TAIHU_ST,2014-02,2014-02,proxy_derived,0.1532724351025132,0.5572916666666666,0.4040192315641534,train,train_expanding_2fold_late,late_holdout_of_early_fit,oof,False,2011-05,2011-08,234,bf819f895c1f6ff33b4a4f770d40312abdbea42e3caa14402dabad9550a2e980,T3-density-0m-s20260907-cv,train_internal_time_block_cv_v1
439,TAIHU_WHOLE,2014-02,2014-02,proxy_derived,0.21545285976080245,0.734375,0.5189221402391976,train,train_expanding_2fold_late,late_holdout_of_early_fit,oof,False,2011-05,2011-08,234,bf819f895c1f6ff33b4a4f770d40312abdbea42e3caa14402dabad9550a2e980,T3-density-0m-s20260907-cv,train_internal_time_block_cv_v1
440,TAIHU_WT,2014-02,2014-02,proxy_derived,0.29421332809744283,0.5642361111111112,0.27002278301366833,train,train_expanding_2fold_late,late_holdout_of_early_fit,oof,False,2011-05,2011-08,234,bf819f895c1f6ff33b4a4f770d40312abdbea42e3caa14402dabad9550a2e980,T3-density-0m-s20260907-cv,train_internal_time_block_cv_v1
441,TAIHU_XK,2014-02,2014-02,proxy_derived,0.19177608644731023,0.6493055555555556,0.4575294691082453,train,train_expanding_2fold_late,late_holdout_of_early_fit,oof,False,2011-05,2011-08,234,bf819f895c1f6ff33b4a4f770d40312abdbea42e3caa14402dabad9550a2e980,T3-density-0m-s20260907-cv,train_internal_time_block_cv_v1
442,TAIHU_ZS,2014-02,2014-02,proxy_derived,0.34338425925925947,0.40625,0.06286574074074053,train,train_expanding_2fold_late,late_holdout_of_early_fit,oof,False,2011-05,2011-08,234,bf819f895c1f6ff33b4a4f770d40312abdbea42e3caa14402dabad9550a2e980,T3-density-0m-s20260907-cv,train_internal_time_block_cv_v1
446,TAIHU_CT,2014-05,2014-05,proxy_derived,0.34920903948963833,0.4236111111111111,0.07440207162147278,train,train_expanding_2fold_late,late_holdout_of_early_fit,oof,False,2011-05,2011-08,234,bf819f895c1f6ff33b4a4f770d40312abdbea42e3caa14402dabad9550a2e980,T3-density-0m-s20260907-cv,train_internal_time_block_cv_v1
447,TAIHU_ET,2014-05,2014-05,proxy_derived,0.3339928626543209,0.5590277777777778,0.2250349151234569,train,train_expanding_2fold_late,late_holdout_of_early_fit,oof,False,2011-05,2011-08,234,bf819f895c1f6ff33b4a4f770d40312abdbea42e3caa14402dabad9550a2e980,T3-density-0m-s20260907-cv,train_internal_time_block_cv_v1
448,TAIHU_GH,2014-05,2014-05,proxy_derived,0.2768785032242063,0.3159722222222222,0.03909371899801589,train,train_expanding_2fold_late,late_holdout_of_early_fit,oof,False,2011-05,2011-08,234,bf819f895c1f6ff33b4a4f770d40312abdbea42e3caa14402dabad9550a2e980,T3-density-0m-s20260907-cv,train_internal_time_block_cv_v1
449,TAIHU_ML,2014-05,2014-05,proxy_derived,0.40511842069003523,0.5815972222222222,0.17647880153218698,train,train_expanding_2fold_late,late_holdout_of_early_fit,oof,False,2011-05,2011-08,234,bf819f895c1f6ff33b4a4f770d40312abdbea42e3caa14402dabad9550a2e980,T3-density-0m-s20260907-cv,train_internal_time_block_cv_v1
450,TAIHU_ST,2014-05,2014-05,proxy_derived,0.2785960648148149,0.2204861111111111,-0.05810995370370381,train,train_expanding_2fold_late,late_holdout_of_early_fit,oof,False,2011-05,2011-08,234,bf819f895c1f6ff33b4a4f770d40312abdbea42e3caa14402dabad9550a2e980,T3-density-0m-s20260907-cv,train_internal_time_block_cv_v1
451,TAIHU_WHOLE,2014-05,2014-05,proxy_derived,0.3875227726796737,0.546875,0.15935222732032628,train,train_expanding_2fold_late,late_holdout_of_early_fit,oof,False,2011-05,2011-08,234,bf819f895c1f6ff33b4a4f770d40312abdbea42e3caa14402dabad9550a2e980,T3-density-0m-s20260907-cv,train_internal_time_block_cv_v1
452,TAIHU_WT,2014-05,2014-05,proxy_derived,0.44436857225529086,0.8177083333333334,0.3733397610780425,train,train_expanding_2fold_late,late_holdout_of_early_fit,oof,False,2011-05,2011-08,234,bf819f895c1f6ff33b4a4f770d40312abdbea42e3caa14402dabad9550a2e980,T3-density-0m-s20260907-cv,train_internal_time_block_cv_v1
453,TAIHU_XK,2014-05,2014-05,proxy_derived,0.3398655443948414,0.22743055555555555,-0.11243498883928585,train,train_expanding_2fold_late,late_holdout_of_early_fit,oof,False,2011-05,2011-08,234,bf819f895c1f6ff33b4a4f770d40312abdbea42e3caa14402dabad9550a2e980,T3-density-0m-s20260907-cv,train_internal_time_block_cv_v1
454,TAIHU_ZS,2014-05,2014-05,proxy_derived,0.5591407490079363,0.7013888888888888,0.14224813988095253,train,train_expanding_2fold_late,late_holdout_of_early_fit,oof,False,2011-05,2011-08,234,bf819f895c1f6ff33b4a4f770d40312abdbea42e3caa14402dabad9550a2e980,T3-density-0m-s20260907-cv,train_internal_time_block_cv_v1
458,TAIHU_CT,2014-08,2014-08,proxy_derived,0.3096413568347162,0.4496527777777778,0.14001142094306157,validation,cv_validation_block,calibration_block,validation,False,2014-05,2014-08,342,bf819f895c1f6ff33b4a4f770d40312abdbea42e3caa14402dabad9550a2e980,T3-density-0m-s20260907-cv,train_internal_time_block_cv_v1
459,TAIHU_ET,2014-08,2014-08,proxy_derived,0.4151920934606483,0.4756944444444444,0.06050235098379614,validation,cv_validation_block,calibration_block,validation,False,2014-05,2014-08,342,bf819f895c1f6ff33b4a4f770d40312abdbea42e3caa14402dabad9550a2e980,T3-density-0m-s20260907-cv,train_internal_time_block_cv_v1
460,TAIHU_GH,2014-08,2014-08,proxy_derived,0.5335355489417992,0.8454861111111112,0.31195056216931194,validation,cv_validation_block,calibration_block,validation,False,2014-05,2014-08,342,bf819f895c1f6ff33b4a4f770d40312abdbea42e3caa14402dabad9550a2e980,T3-density-0m-s20260907-cv,train_internal_time_block_cv_v1
461,TAIHU_ML,2014-08,2014-08,proxy_derived,0.6173278976521162,0.8420138888888888,0.2246859912367727,validation,cv_validation_block,calibration_block,validation,False,2014-05,2014-08,342,bf819f895c1f6ff33b4a4f770d40312abdbea42e3caa14402dabad9550a2e980,T3-density-0m-s20260907-cv,train_internal_time_block_cv_v1
462,TAIHU_ST,2014-08,2014-08,proxy_derived,0.4611955312362215,0.7517361111111112,0.2905405798748897,validation,cv_validation_block,calibration_block,validation,False,2014-05,2014-08,342,bf819f895c1f6ff33b4a4f770d40312abdbea42e3caa14402dabad9550a2e980,T3-density-0m-s20260907-cv,train_internal_time_block_cv_v1
463,TAIHU_WHOLE,2014-08,2014-08,proxy_derived,0.5739048170194001,0.7586805555555556,0.18477573853615548,validation,cv_validation_block,calibration_block,validation,False,2014-05,2014-08,342,bf819f895c1f6ff33b4a4f770d40312abdbea42e3caa14402dabad9550a2e980,T3-density-0m-s20260907-cv,train_internal_time_block_cv_v1
464,TAIHU_WT,2014-08,2014-08,proxy_derived,0.7292440682870373,0.8368055555555556,0.10756148726851833,validation,cv_validation_block,calibration_block,validation,False,2014-05,2014-08,342,bf819f895c1f6ff33b4a4f770d40312abdbea42e3caa14402dabad9550a2e980,T3-density-0m-s20260907-cv,train_internal_time_block_cv_v1
465,TAIHU_XK,2014-08,2014-08,proxy_derived,0.38710277157738093,0.6232638888888888,0.2361611173115079,validation,cv_validation_block,calibration_block,validation,False,2014-05,2014-08,342,bf819f895c1f6ff33b4a4f770d40312abdbea42e3caa14402dabad9550a2e980,T3-density-0m-s20260907-cv,train_internal_time_block_cv_v1
466,TAIHU_ZS,2014-08,2014-08,proxy_derived,0.674990507756133,0.8506944444444444,0.1757039366883114,validation,cv_validation_block,calibration_block,validation,False,2014-05,2014-08,342,bf819f895c1f6ff33b4a4f770d40312abdbea42e3caa14402dabad9550a2e980,T3-density-0m-s20260907-cv,train_internal_time_block_cv_v1
470,TAIHU_CT,2014-11,2014-11,proxy_derived,0.5194213554819027,0.53125,0.011828644518097287,validation,cv_validation_block,calibration_block,validation,False,2014-05,2014-08,342,bf819f895c1f6ff33b4a4f770d40312abdbea42e3caa14402dabad9550a2e980,T3-density-0m-s20260907-cv,train_internal_time_block_cv_v1
471,TAIHU_ET,2014-11,2014-11,proxy_derived,0.43856615823412687,0.7899305555555556,0.3513643973214287,validation,cv_validation_block,calibration_block,validation,False,2014-05,2014-08,342,bf819f895c1f6ff33b4a4f770d40312abdbea42e3caa14402dabad9550a2e980,T3-density-0m-s20260907-cv,train_internal_time_block_cv_v1
472,TAIHU_GH,2014-11,2014-11,proxy_derived,0.5085320739012145,0.765625,0.25709292609878553,validation,cv_validation_block,calibration_block,validation,False,2014-05,2014-08,342,bf819f895c1f6ff33b4a4f770d40312abdbea42e3caa14402dabad9550a2e980,T3-density-0m-s20260907-cv,train_internal_time_block_cv_v1
473,TAIHU_ML,2014-11,2014-11,proxy_derived,0.5643223965222662,0.7239583333333334,0.15963593681106714,validation,cv_validation_block,calibration_block,validation,False,2014-05,2014-08,342,bf819f895c1f6ff33b4a4f770d40312abdbea42e3caa14402dabad9550a2e980,T3-density-0m-s20260907-cv,train_internal_time_block_cv_v1
474,TAIHU_ST,2014-11,2014-11,proxy_derived,0.5108945105820105,0.1736111111111111,-0.3372833994708994,validation,cv_validation_block,calibration_block,validation,False,2014-05,2014-08,342,bf819f895c1f6ff33b4a4f770d40312abdbea42e3caa14402dabad9550a2e980,T3-density-0m-s20260907-cv,train_internal_time_block_cv_v1
475,TAIHU_WHOLE,2014-11,2014-11,proxy_derived,0.5426171117173721,0.5868055555555556,0.04418844383818343,validation,cv_validation_block,calibration_block,validation,False,2014-05,2014-08,342,bf819f895c1f6ff33b4a4f770d40312abdbea42e3caa14402dabad9550a2e980,T3-density-0m-s20260907-cv,train_internal_time_block_cv_v1
476,TAIHU_WT,2014-11,2014-11,proxy_derived,0.5153165894435426,0.3628472222222222,-0.15246936722132043,validation,cv_validation_block,calibration_block,validation,False,2014-05,2014-08,342,bf819f895c1f6ff33b4a4f770d40312abdbea42e3caa14402dabad9550a2e980,T3-density-0m-s20260907-cv,train_internal_time_block_cv_v1
477,TAIHU_XK,2014-11,2014-11,proxy_derived,0.5400503472222222,0.171875,-0.3681753472222222,validation,cv_validation_block,calibration_block,validation,False,2014-05,2014-08,342,bf819f895c1f6ff33b4a4f770d40312abdbea42e3caa14402dabad9550a2e980,T3-density-0m-s20260907-cv,train_internal_time_block_cv_v1
478,TAIHU_ZS,2014-11,2014-11,proxy_derived,0.49360937499999985,0.6059027777777778,0.11229340277777794,validation,cv_validation_block,calibration_block,validation,False,2014-05,2014-08,342,bf819f895c1f6ff33b4a4f770d40312abdbea42e3caa14402dabad9550a2e980,T3-density-0m-s20260907-cv,train_internal_time_block_cv_v1
482,TAIHU_CT,2015-02,2015-02,proxy_derived,0.559216362847222,0.6163194444444444,0.05710308159722244,validation,cv_validation_block,calibration_block,validation,False,2014-05,2014-08,342,bf819f895c1f6ff33b4a4f770d40312abdbea42e3caa14402dabad9550a2e980,T3-density-0m-s20260907-cv,train_internal_time_block_cv_v1
483,TAIHU_ET,2015-02,2015-02,proxy_derived,0.5187302000661375,0.4461805555555556,-0.07254964451058188,validation,cv_validation_block,calibration_block,validation,False,2014-05,2014-08,342,bf819f895c1f6ff33b4a4f770d40312abdbea42e3caa14402dabad9550a2e980,T3-density-0m-s20260907-cv,train_internal_time_block_cv_v1
484,TAIHU_GH,2015-02,2015-02,proxy_derived,0.5134327945877427,0.7361111111111112,0.22267831652336845,validation,cv_validation_block,calibration_block,validation,False,2014-05,2014-08,342,bf819f895c1f6ff33b4a4f770d40312abdbea42e3caa14402dabad9550a2e980,T3-density-0m-s20260907-cv,train_internal_time_block_cv_v1
485,TAIHU_ML,2015-02,2015-02,proxy_derived,0.5839944578473224,0.7170138888888888,0.13301943104156644,validation,cv_validation_block,calibration_block,validation,False,2014-05,2014-08,342,bf819f895c1f6ff33b4a4f770d40312abdbea42e3caa14402dabad9550a2e980,T3-density-0m-s20260907-cv,train_internal_time_block_cv_v1
486,TAIHU_ST,2015-02,2015-02,proxy_derived,0.5368347281094676,0.6423611111111112,0.10552638300164352,validation,cv_validation_block,calibration_block,validation,False,2014-05,2014-08,342,bf819f895c1f6ff33b4a4f770d40312abdbea42e3caa14402dabad9550a2e980,T3-density-0m-s20260907-cv,train_internal_time_block_cv_v1
487,TAIHU_WHOLE,2015-02,2015-02,proxy_derived,0.564564694877846,0.5711805555555556,0.006615860677709584,validation,cv_validation_block,calibration_block,validation,False,2014-05,2014-08,342,bf819f895c1f6ff33b4a4f770d40312abdbea42e3caa14402dabad9550a2e980,T3-density-0m-s20260907-cv,train_internal_time_block_cv_v1
488,TAIHU_WT,2015-02,2015-02,proxy_derived,0.43121775104717797,0.3385416666666667,-0.09267608438051128,validation,cv_validation_block,calibration_block,validation,False,2014-05,2014-08,342,bf819f895c1f6ff33b4a4f770d40312abdbea42e3caa14402dabad9550a2e980,T3-density-0m-s20260907-cv,train_internal_time_block_cv_v1
489,TAIHU_XK,2015-02,2015-02,proxy_derived,0.5164270833333332,0.4201388888888889,-0.09628819444444431,validation,cv_validation_block,calibration_block,validation,False,2014-05,2014-08,342,bf819f895c1f6ff33b4a4f770d40312abdbea42e3caa14402dabad9550a2e980,T3-density-0m-s20260907-cv,train_internal_time_block_cv_v1
490,TAIHU_ZS,2015-02,2015-02,proxy_derived,0.4715306024029982,0.3142361111111111,-0.1572944912918871,validation,cv_validation_block,calibration_block,validation,False,2014-05,2014-08,342,bf819f895c1f6ff33b4a4f770d40312abdbea42e3caa14402dabad9550a2e980,T3-density-0m-s20260907-cv,train_internal_time_block_cv_v1
494,TAIHU_CT,2015-05,2015-05,proxy_derived,0.3267280815972223,0.2638888888888889,-0.06283919270833338,validation,cv_validation_block,calibration_block,validation,False,2014-05,2014-08,342,bf819f895c1f6ff33b4a4f770d40312abdbea42e3caa14402dabad9550a2e980,T3-density-0m-s20260907-cv,train_internal_time_block_cv_v1
495,TAIHU_ET,2015-05,2015-05,proxy_derived,0.42582472934328414,0.421875,-0.003949729343284136,validation,cv_validation_block,calibration_block,validation,False,2014-05,2014-08,342,bf819f895c1f6ff33b4a4f770d40312abdbea42e3caa14402dabad9550a2e980,T3-density-0m-s20260907-cv,train_internal_time_block_cv_v1
496,TAIHU_GH,2015-05,2015-05,proxy_derived,0.388251803282077,0.7777777777777778,0.3895259744957008,validation,cv_validation_block,calibration_block,validation,False,2014-05,2014-08,342,bf819f895c1f6ff33b4a4f770d40312abdbea42e3caa14402dabad9550a2e980,T3-density-0m-s20260907-cv,train_internal_time_block_cv_v1
497,TAIHU_ML,2015-05,2015-05,proxy_derived,0.5471837367035937,0.9236111111111112,0.3764273744075175,validation,cv_validation_block,calibration_block,validation,False,2014-05,2014-08,342,bf819f895c1f6ff33b4a4f770d40312abdbea42e3caa14402dabad9550a2e980,T3-density-0m-s20260907-cv,train_internal_time_block_cv_v1
498,TAIHU_ST,2015-05,2015-05,proxy_derived,0.42587296420304227,0.234375,-0.19149796420304227,validation,cv_validation_block,calibration_block,validation,False,2014-05,2014-08,342,bf819f895c1f6ff33b4a4f770d40312abdbea42e3caa14402dabad9550a2e980,T3-density-0m-s20260907-cv,train_internal_time_block_cv_v1
499,TAIHU_WHOLE,2015-05,2015-05,proxy_derived,0.5689904927248675,0.6527777777777778,0.08378728505291033,validation,cv_validation_block,calibration_block,validation,False,2014-05,2014-08,342,bf819f895c1f6ff33b4a4f770d40312abdbea42e3caa14402dabad9550a2e980,T3-density-0m-s20260907-cv,train_internal_time_block_cv_v1
500,TAIHU_WT,2015-05,2015-05,proxy_derived,0.674727781911376,0.6545138888888888,-0.020213893022487106,validation,cv_validation_block,calibration_block,validation,False,2014-05,2014-08,342,bf819f895c1f6ff33b4a4f770d40312abdbea42e3caa14402dabad9550a2e980,T3-density-0m-s20260907-cv,train_internal_time_block_cv_v1
501,TAIHU_XK,2015-05,2015-05,proxy_derived,0.373144814495401,0.25,-0.12314481449540099,validation,cv_validation_block,calibration_block,validation,False,2014-05,2014-08,342,bf819f895c1f6ff33b4a4f770d40312abdbea42e3caa14402dabad9550a2e980,T3-density-0m-s20260907-cv,train_internal_time_block_cv_v1
502,TAIHU_ZS,2015-05,2015-05,proxy_derived,0.6435754381613756,0.7309027777777778,0.08732733961640216,validation,cv_validation_block,calibration_block,validation,False,2014-05,2014-08,342,bf819f895c1f6ff33b4a4f770d40312abdbea42e3caa14402dabad9550a2e980,T3-density-0m-s20260907-cv,train_internal_time_block_cv_v1
506,TAIHU_CT,2015-08,2015-08,proxy_derived,0.5410681974757496,0.5520833333333334,0.011015135857583735,validation,cv_validation_block,calibration_block,validation,False,2014-05,2014-08,342,bf819f895c1f6ff33b4a4f770d40312abdbea42e3caa14402dabad9550a2e980,T3-density-0m-s20260907-cv,train_internal_time_block_cv_v1
507,TAIHU_ET,2015-08,2015-08,proxy_derived,0.4994127156360231,0.6388888888888888,0.13947617325286576,validation,cv_validation_block,calibration_block,validation,False,2014-05,2014-08,342,bf819f895c1f6ff33b4a4f770d40312abdbea42e3caa14402dabad9550a2e980,T3-density-0m-s20260907-cv,train_internal_time_block_cv_v1
508,TAIHU_GH,2015-08,2015-08,proxy_derived,0.5866500082671959,0.8090277777777778,0.22237776951058186,validation,cv_validation_block,calibration_block,validation,False,2014-05,2014-08,342,bf819f895c1f6ff33b4a4f770d40312abdbea42e3caa14402dabad9550a2e980,T3-density-0m-s20260907-cv,train_internal_time_block_cv_v1
509,TAIHU_ML,2015-08,2015-08,proxy_derived,0.6476307250330691,0.875,0.22736927496693093,validation,cv_validation_block,calibration_block,validation,False,2014-05,2014-08,342,bf819f895c1f6ff33b4a4f770d40312abdbea42e3caa14402dabad9550a2e980,T3-density-0m-s20260907-cv,train_internal_time_block_cv_v1
510,TAIHU_ST,2015-08,2015-08,proxy_derived,0.38738386656746043,0.5347222222222222,0.14733835565476178,validation,cv_validation_block,calibration_block,validation,False,2014-05,2014-08,342,bf819f895c1f6ff33b4a4f770d40312abdbea42e3caa14402dabad9550a2e980,T3-density-0m-s20260907-cv,train_internal_time_block_cv_v1
511,TAIHU_WHOLE,2015-08,2015-08,proxy_derived,0.6727734064980162,0.7951388888888888,0.12236548239087264,validation,cv_validation_block,calibration_block,validation,False,2014-05,2014-08,342,bf819f895c1f6ff33b4a4f770d40312abdbea42e3caa14402dabad9550a2e980,T3-density-0m-s20260907-cv,train_internal_time_block_cv_v1
512,TAIHU_WT,2015-08,2015-08,proxy_derived,0.5971577828758821,0.7638888888888888,0.16673110601300678,validation,cv_validation_block,calibration_block,validation,False,2014-05,2014-08,342,bf819f895c1f6ff33b4a4f770d40312abdbea42e3caa14402dabad9550a2e980,T3-density-0m-s20260907-cv,train_internal_time_block_cv_v1
513,TAIHU_XK,2015-08,2015-08,proxy_derived,0.5098818686618166,0.5225694444444444,0.012687575782627802,validation,cv_validation_block,calibration_block,validation,False,2014-05,2014-08,342,bf819f895c1f6ff33b4a4f770d40312abdbea42e3caa14402dabad9550a2e980,T3-density-0m-s20260907-cv,train_internal_time_block_cv_v1
514,TAIHU_ZS,2015-08,2015-08,proxy_derived,0.44471982473544974,0.9340277777777778,0.48930795304232805,validation,cv_validation_block,calibration_block,validation,False,2014-05,2014-08,342,bf819f895c1f6ff33b4a4f770d40312abdbea42e3caa14402dabad9550a2e980,T3-density-0m-s20260907-cv,train_internal_time_block_cv_v1
518,TAIHU_CT,2015-11,2015-11,proxy_derived,0.4202977195692041,0.3871527777777778,-0.0331449417914263,validation,cv_validation_block,calibration_block,validation,False,2014-05,2014-08,342,bf819f895c1f6ff33b4a4f770d40312abdbea42e3caa14402dabad9550a2e980,T3-density-0m-s20260907-cv,train_internal_time_block_cv_v1
519,TAIHU_ET,2015-11,2015-11,proxy_derived,0.4638160342261907,0.4565972222222222,-0.007218812003968511,validation,cv_validation_block,calibration_block,validation,False,2014-05,2014-08,342,bf819f895c1f6ff33b4a4f770d40312abdbea42e3caa14402dabad9550a2e980,T3-density-0m-s20260907-cv,train_internal_time_block_cv_v1
520,TAIHU_GH,2015-11,2015-11,proxy_derived,0.4447285638503089,0.5416666666666666,0.09693810281635773,validation,cv_validation_block,calibration_block,validation,False,2014-05,2014-08,342,bf819f895c1f6ff33b4a4f770d40312abdbea42e3caa14402dabad9550a2e980,T3-density-0m-s20260907-cv,train_internal_time_block_cv_v1
521,TAIHU_ML,2015-11,2015-11,proxy_derived,0.5219771308697093,0.6979166666666666,0.1759395357969573,validation,cv_validation_block,calibration_block,validation,False,2014-05,2014-08,342,bf819f895c1f6ff33b4a4f770d40312abdbea42e3caa14402dabad9550a2e980,T3-density-0m-s20260907-cv,train_internal_time_block_cv_v1
522,TAIHU_ST,2015-11,2015-11,proxy_derived,0.41269888806216926,0.3211805555555556,-0.09151833250661368,validation,cv_validation_block,calibration_block,validation,False,2014-05,2014-08,342,bf819f895c1f6ff33b4a4f770d40312abdbea42e3caa14402dabad9550a2e980,T3-density-0m-s20260907-cv,train_internal_time_block_cv_v1
523,TAIHU_WHOLE,2015-11,2015-11,proxy_derived,0.4101754918981484,0.4704861111111111,0.06031061921296271,validation,cv_validation_block,calibration_block,validation,False,2014-05,2014-08,342,bf819f895c1f6ff33b4a4f770d40312abdbea42e3caa14402dabad9550a2e980,T3-density-0m-s20260907-cv,train_internal_time_block_cv_v1
524,TAIHU_WT,2015-11,2015-11,proxy_derived,0.4337466724537039,0.4253472222222222,-0.008399450231481698,validation,cv_validation_block,calibration_block,validation,False,2014-05,2014-08,342,bf819f895c1f6ff33b4a4f770d40312abdbea42e3caa14402dabad9550a2e980,T3-density-0m-s20260907-cv,train_internal_time_block_cv_v1
525,TAIHU_XK,2015-11,2015-11,proxy_derived,0.4219050099206352,0.2899305555555556,-0.1319744543650796,validation,cv_validation_block,calibration_block,validation,False,2014-05,2014-08,342,bf819f895c1f6ff33b4a4f770d40312abdbea42e3caa14402dabad9550a2e980,T3-density-0m-s20260907-cv,train_internal_time_block_cv_v1
526,TAIHU_ZS,2015-11,2015-11,proxy_derived,0.42915009782848335,0.4826388888888889,0.05348879106040555,validation,cv_validation_block,calibration_block,validation,False,2014-05,2014-08,342,bf819f895c1f6ff33b4a4f770d40312abdbea42e3caa14402dabad9550a2e980,T3-density-0m-s20260907-cv,train_internal_time_block_cv_v1
530,TAIHU_CT,2016-02,2016-02,proxy_derived,0.4048529754389129,0.2760416666666667,-0.12881130877224622,validation,cv_validation_block,calibration_block,validation,False,2014-05,2014-08,342,bf819f895c1f6ff33b4a4f770d40312abdbea42e3caa14402dabad9550a2e980,T3-density-0m-s20260907-cv,train_internal_time_block_cv_v1
531,TAIHU_ET,2016-02,2016-02,proxy_derived,0.3361998043430336,0.5364583333333334,0.20025852899029978,validation,cv_validation_block,calibration_block,validation,False,2014-05,2014-08,342,bf819f895c1f6ff33b4a4f770d40312abdbea42e3caa14402dabad9550a2e980,T3-density-0m-s20260907-cv,train_internal_time_block_cv_v1
532,TAIHU_GH,2016-02,2016-02,proxy_derived,0.3011319513337744,0.6875,0.3863680486662256,validation,cv_validation_block,calibration_block,validation,False,2014-05,2014-08,342,bf819f895c1f6ff33b4a4f770d40312abdbea42e3caa14402dabad9550a2e980,T3-density-0m-s20260907-cv,train_internal_time_block_cv_v1
533,TAIHU_ML,2016-02,2016-02,proxy_derived,0.40940503747795437,0.515625,0.10621996252204563,validation,cv_validation_block,calibration_block,validation,False,2014-05,2014-08,342,bf819f895c1f6ff33b4a4f770d40312abdbea42e3caa14402dabad9550a2e980,T3-density-0m-s20260907-cv,train_internal_time_block_cv_v1
534,TAIHU_ST,2016-02,2016-02,proxy_derived,0.44675347222222256,0.3038194444444444,-0.14293402777777814,validation,cv_validation_block,calibration_block,validation,False,2014-05,2014-08,342,bf819f895c1f6ff33b4a4f770d40312abdbea42e3caa14402dabad9550a2e980,T3-density-0m-s20260907-cv,train_internal_time_block_cv_v1
535,TAIHU_WHOLE,2016-02,2016-02,proxy_derived,0.38969679026124315,0.5208333333333334,0.13113654307209022,validation,cv_validation_block,calibration_block,validation,False,2014-05,2014-08,342,bf819f895c1f6ff33b4a4f770d40312abdbea42e3caa14402dabad9550a2e980,T3-density-0m-s20260907-cv,train_internal_time_block_cv_v1
536,TAIHU_WT,2016-02,2016-02,proxy_derived,0.34063771770282203,0.390625,0.04998728229717797,validation,cv_validation_block,calibration_block,validation,False,2014-05,2014-08,342,bf819f895c1f6ff33b4a4f770d40312abdbea42e3caa14402dabad9550a2e980,T3-density-0m-s20260907-cv,train_internal_time_block_cv_v1
537,TAIHU_XK,2016-02,2016-02,proxy_derived,0.3547371927358908,0.7864583333333334,0.43172114059744254,validation,cv_validation_block,calibration_block,validation,False,2014-05,2014-08,342,bf819f895c1f6ff33b4a4f770d40312abdbea42e3caa14402dabad9550a2e980,T3-density-0m-s20260907-cv,train_internal_time_block_cv_v1
538,TAIHU_ZS,2016-02,2016-02,proxy_derived,0.5423512214781746,0.34375,-0.1986012214781746,validation,cv_validation_block,calibration_block,validation,False,2014-05,2014-08,342,bf819f895c1f6ff33b4a4f770d40312abdbea42e3caa14402dabad9550a2e980,T3-density-0m-s20260907-cv,train_internal_time_block_cv_v1
542,TAIHU_CT,2016-05,2016-05,proxy_derived,0.4755593550209436,0.28125,-0.1943093550209436,validation,cv_validation_block,calibration_block,validation,False,2014-05,2014-08,342,bf819f895c1f6ff33b4a4f770d40312abdbea42e3caa14402dabad9550a2e980,T3-density-0m-s20260907-cv,train_internal_time_block_cv_v1
543,TAIHU_ET,2016-05,2016-05,proxy_derived,0.332774046266234,0.5329861111111112,0.20021206484487714,validation,cv_validation_block,calibration_block,validation,False,2014-05,2014-08,342,bf819f895c1f6ff33b4a4f770d40312abdbea42e3caa14402dabad9550a2e980,T3-density-0m-s20260907-cv,train_internal_time_block_cv_v1
544,TAIHU_GH,2016-05,2016-05,proxy_derived,0.3705687210648152,0.3315972222222222,-0.03897149884259299,validation,cv_validation_block,calibration_block,validation,False,2014-05,2014-08,342,bf819f895c1f6ff33b4a4f770d40312abdbea42e3caa14402dabad9550a2e980,T3-density-0m-s20260907-cv,train_internal_time_block_cv_v1
545,TAIHU_ML,2016-05,2016-05,proxy_derived,0.4618539909887567,0.4774305555555556,0.0155765645667989,validation,cv_validation_block,calibration_block,validation,False,2014-05,2014-08,342,bf819f895c1f6ff33b4a4f770d40312abdbea42e3caa14402dabad9550a2e980,T3-density-0m-s20260907-cv,train_internal_time_block_cv_v1
546,TAIHU_ST,2016-05,2016-05,proxy_derived,0.4781523127480159,0.1684027777777778,-0.3097495349702381,validation,cv_validation_block,calibration_block,validation,False,2014-05,2014-08,342,bf819f895c1f6ff33b4a4f770d40312abdbea42e3caa14402dabad9550a2e980,T3-density-0m-s20260907-cv,train_internal_time_block_cv_v1
547,TAIHU_WHOLE,2016-05,2016-05,proxy_derived,0.5732269551917989,0.4131944444444444,-0.16003251074735447,validation,cv_validation_block,calibration_block,validation,False,2014-05,2014-08,342,bf819f895c1f6ff33b4a4f770d40312abdbea42e3caa14402dabad9550a2e980,T3-density-0m-s20260907-cv,train_internal_time_block_cv_v1
548,TAIHU_WT,2016-05,2016-05,proxy_derived,0.4398675285218254,0.1440972222222222,-0.2957703062996032,validation,cv_validation_block,calibration_block,validation,False,2014-05,2014-08,342,bf819f895c1f6ff33b4a4f770d40312abdbea42e3caa14402dabad9550a2e980,T3-density-0m-s20260907-cv,train_internal_time_block_cv_v1
549,TAIHU_XK,2016-05,2016-05,proxy_derived,0.3607519944609791,0.3055555555555556,-0.05519643890542353,validation,cv_validation_block,calibration_block,validation,False,2014-05,2014-08,342,bf819f895c1f6ff33b4a4f770d40312abdbea42e3caa14402dabad9550a2e980,T3-density-0m-s20260907-cv,train_internal_time_block_cv_v1
550,TAIHU_ZS,2016-05,2016-05,proxy_derived,0.702023344494048,0.7135416666666666,0.011518322172618611,validation,cv_validation_block,calibration_block,validation,False,2014-05,2014-08,342,bf819f895c1f6ff33b4a4f770d40312abdbea42e3caa14402dabad9550a2e980,T3-density-0m-s20260907-cv,train_internal_time_block_cv_v1
554,TAIHU_CT,2016-08,2016-08,proxy_derived,0.5473447007275136,0.6961805555555556,0.14883585482804196,validation,cv_validation_block,calibration_block,validation,False,2014-05,2014-08,342,bf819f895c1f6ff33b4a4f770d40312abdbea42e3caa14402dabad9550a2e980,T3-density-0m-s20260907-cv,train_internal_time_block_cv_v1
555,TAIHU_ET,2016-08,2016-08,proxy_derived,0.5499467179232806,0.8611111111111112,0.3111643931878305,validation,cv_validation_block,calibration_block,validation,False,2014-05,2014-08,342,bf819f895c1f6ff33b4a4f770d40312abdbea42e3caa14402dabad9550a2e980,T3-density-0m-s20260907-cv,train_internal_time_block_cv_v1
556,TAIHU_GH,2016-08,2016-08,proxy_derived,0.502237196180556,0.8263888888888888,0.3241516927083329,validation,cv_validation_block,calibration_block,validation,False,2014-05,2014-08,342,bf819f895c1f6ff33b4a4f770d40312abdbea42e3caa14402dabad9550a2e980,T3-density-0m-s20260907-cv,train_internal_time_block_cv_v1
557,TAIHU_ML,2016-08,2016-08,proxy_derived,0.5780110677083337,0.7604166666666666,0.18240559895833297,validation,cv_validation_block,calibration_block,validation,False,2014-05,2014-08,342,bf819f895c1f6ff33b4a4f770d40312abdbea42e3caa14402dabad9550a2e980,T3-density-0m-s20260907-cv,train_internal_time_block_cv_v1
558,TAIHU_ST,2016-08,2016-08,proxy_derived,0.521199404761905,0.6788194444444444,0.15762003968253946,validation,cv_validation_block,calibration_block,validation,False,2014-05,2014-08,342,bf819f895c1f6ff33b4a4f770d40312abdbea42e3caa14402dabad9550a2e980,T3-density-0m-s20260907-cv,train_internal_time_block_cv_v1
559,TAIHU_WHOLE,2016-08,2016-08,proxy_derived,0.5256863701499122,0.7760416666666666,0.2503552965167545,validation,cv_validation_block,calibration_block,validation,False,2014-05,2014-08,342,bf819f895c1f6ff33b4a4f770d40312abdbea42e3caa14402dabad9550a2e980,T3-density-0m-s20260907-cv,train_internal_time_block_cv_v1
560,TAIHU_WT,2016-08,2016-08,proxy_derived,0.5738839457947531,0.6336805555555556,0.05979660976080248,validation,cv_validation_block,calibration_block,validation,False,2014-05,2014-08,342,bf819f895c1f6ff33b4a4f770d40312abdbea42e3caa14402dabad9550a2e980,T3-density-0m-s20260907-cv,train_internal_time_block_cv_v1
561,TAIHU_XK,2016-08,2016-08,proxy_derived,0.5342069795800266,0.5173611111111112,-0.016845868468915448,validation,cv_validation_block,calibration_block,validation,False,2014-05,2014-08,342,bf819f895c1f6ff33b4a4f770d40312abdbea42e3caa14402dabad9550a2e980,T3-density-0m-s20260907-cv,train_internal_time_block_cv_v1
562,TAIHU_ZS,2016-08,2016-08,proxy_derived,0.6124011393698894,0.8767361111111112,0.2643349717412218,validation,cv_validation_block,calibration_block,validation,False,2014-05,2014-08,342,bf819f895c1f6ff33b4a4f770d40312abdbea42e3caa14402dabad9550a2e980,T3-density-0m-s20260907-cv,train_internal_time_block_cv_v1
566,TAIHU_CT,2016-11,2016-11,proxy_derived,0.39744784432870406,0.17881944444444445,-0.2186283998842596,validation,cv_validation_block,calibration_block,validation,False,2014-05,2014-08,342,bf819f895c1f6ff33b4a4f770d40312abdbea42e3caa14402dabad9550a2e980,T3-density-0m-s20260907-cv,train_internal_time_block_cv_v1
567,TAIHU_ET,2016-11,2016-11,proxy_derived,0.4069177507966573,0.4513888888888889,0.04447113809223158,validation,cv_validation_block,calibration_block,validation,False,2014-05,2014-08,342,bf819f895c1f6ff33b4a4f770d40312abdbea42e3caa14402dabad9550a2e980,T3-density-0m-s20260907-cv,train_internal_time_block_cv_v1
568,TAIHU_GH,2016-11,2016-11,proxy_derived,0.5178450830853177,0.8576388888888888,0.3397938058035711,validation,cv_validation_block,calibration_block,validation,False,2014-05,2014-08,342,bf819f895c1f6ff33b4a4f770d40312abdbea42e3caa14402dabad9550a2e980,T3-density-0m-s20260907-cv,train_internal_time_block_cv_v1
569,TAIHU_ML,2016-11,2016-11,proxy_derived,0.567877996858466,0.9409722222222222,0.37309422536375625,validation,cv_validation_block,calibration_block,validation,False,2014-05,2014-08,342,bf819f895c1f6ff33b4a4f770d40312abdbea42e3caa14402dabad9550a2e980,T3-density-0m-s20260907-cv,train_internal_time_block_cv_v1
570,TAIHU_ST,2016-11,2016-11,proxy_derived,0.435559565145503,0.2881944444444444,-0.14736512070105856,validation,cv_validation_block,calibration_block,validation,False,2014-05,2014-08,342,bf819f895c1f6ff33b4a4f770d40312abdbea42e3caa14402dabad9550a2e980,T3-density-0m-s20260907-cv,train_internal_time_block_cv_v1
571,TAIHU_WHOLE,2016-11,2016-11,proxy_derived,0.5276269290123456,0.6753472222222222,0.14772029320987656,validation,cv_validation_block,calibration_block,validation,False,2014-05,2014-08,342,bf819f895c1f6ff33b4a4f770d40312abdbea42e3caa14402dabad9550a2e980,T3-density-0m-s20260907-cv,train_internal_time_block_cv_v1
572,TAIHU_WT,2016-11,2016-11,proxy_derived,0.5146409143518518,0.1909722222222222,-0.32366869212962956,validation,cv_validation_block,calibration_block,validation,False,2014-05,2014-08,342,bf819f895c1f6ff33b4a4f770d40312abdbea42e3caa14402dabad9550a2e980,T3-density-0m-s20260907-cv,train_internal_time_block_cv_v1
573,TAIHU_XK,2016-11,2016-11,proxy_derived,0.4146120205026457,0.5121527777777778,0.09754075727513212,validation,cv_validation_block,calibration_block,validation,False,2014-05,2014-08,342,bf819f895c1f6ff33b4a4f770d40312abdbea42e3caa14402dabad9550a2e980,T3-density-0m-s20260907-cv,train_internal_time_block_cv_v1
574,TAIHU_ZS,2016-11,2016-11,proxy_derived,0.4667282676091271,0.7395833333333334,0.27285506572420626,validation,cv_validation_block,calibration_block,validation,False,2014-05,2014-08,342,bf819f895c1f6ff33b4a4f770d40312abdbea42e3caa14402dabad9550a2e980,T3-density-0m-s20260907-cv,train_internal_time_block_cv_v1
578,TAIHU_CT,2017-02,2017-02,proxy_derived,0.35281679894179896,0.6892361111111112,0.3364193121693122,validation,cv_validation_block,calibration_block,validation,False,2014-05,2014-08,342,bf819f895c1f6ff33b4a4f770d40312abdbea42e3caa14402dabad9550a2e980,T3-density-0m-s20260907-cv,train_internal_time_block_cv_v1
579,TAIHU_ET,2017-02,2017-02,proxy_derived,0.44313787615740763,0.6909722222222222,0.24783434606481458,validation,cv_validation_block,calibration_block,validation,False,2014-05,2014-08,342,bf819f895c1f6ff33b4a4f770d40312abdbea42e3caa14402dabad9550a2e980,T3-density-0m-s20260907-cv,train_internal_time_block_cv_v1
580,TAIHU_GH,2017-02,2017-02,proxy_derived,0.45113138640873,0.9913194444444444,0.5401880580357143,validation,cv_validation_block,calibration_block,validation,False,2014-05,2014-08,342,bf819f895c1f6ff33b4a4f770d40312abdbea42e3caa14402dabad9550a2e980,T3-density-0m-s20260907-cv,train_internal_time_block_cv_v1
581,TAIHU_ML,2017-02,2017-02,proxy_derived,0.4138706080522489,0.9253472222222222,0.5114766141699734,validation,cv_validation_block,calibration_block,validation,False,2014-05,2014-08,342,bf819f895c1f6ff33b4a4f770d40312abdbea42e3caa14402dabad9550a2e980,T3-density-0m-s20260907-cv,train_internal_time_block_cv_v1
582,TAIHU_ST,2017-02,2017-02,proxy_derived,0.4393801256613758,0.7743055555555556,0.3349254298941798,validation,cv_validation_block,calibration_block,validation,False,2014-05,2014-08,342,bf819f895c1f6ff33b4a4f770d40312abdbea42e3caa14402dabad9550a2e980,T3-density-0m-s20260907-cv,train_internal_time_block_cv_v1
583,TAIHU_WHOLE,2017-02,2017-02,proxy_derived,0.4364166187545099,0.9114583333333334,0.4750417145788235,validation,cv_validation_block,calibration_block,validation,False,2014-05,2014-08,342,bf819f895c1f6ff33b4a4f770d40312abdbea42e3caa14402dabad9550a2e980,T3-density-0m-s20260907-cv,train_internal_time_block_cv_v1
584,TAIHU_WT,2017-02,2017-02,proxy_derived,0.4899291397982805,0.8385416666666666,0.3486125268683861,validation,cv_validation_block,calibration_block,validation,False,2014-05,2014-08,342,bf819f895c1f6ff33b4a4f770d40312abdbea42e3caa14402dabad9550a2e980,T3-density-0m-s20260907-cv,train_internal_time_block_cv_v1
585,TAIHU_XK,2017-02,2017-02,proxy_derived,0.35896595982142865,0.7430555555555556,0.38408959573412693,validation,cv_validation_block,calibration_block,validation,False,2014-05,2014-08,342,bf819f895c1f6ff33b4a4f770d40312abdbea42e3caa14402dabad9550a2e980,T3-density-0m-s20260907-cv,train_internal_time_block_cv_v1
586,TAIHU_ZS,2017-02,2017-02,proxy_derived,0.4585627583498677,0.9600694444444444,0.5015066860945767,validation,cv_validation_block,calibration_block,validation,False,2014-05,2014-08,342,bf819f895c1f6ff33b4a4f770d40312abdbea42e3caa14402dabad9550a2e980,T3-density-0m-s20260907-cv,train_internal_time_block_cv_v1
590,TAIHU_CT,2017-05,2017-05,proxy_derived,0.3469444901645422,0.7447916666666666,0.3978471765021244,validation,cv_validation_block,calibration_block,validation,False,2014-05,2014-08,342,bf819f895c1f6ff33b4a4f770d40312abdbea42e3caa14402dabad9550a2e980,T3-density-0m-s20260907-cv,train_internal_time_block_cv_v1
591,TAIHU_ET,2017-05,2017-05,proxy_derived,0.3644009838902417,0.8107638888888888,0.4463629049986471,validation,cv_validation_block,calibration_block,validation,False,2014-05,2014-08,342,bf819f895c1f6ff33b4a4f770d40312abdbea42e3caa14402dabad9550a2e980,T3-density-0m-s20260907-cv,train_internal_time_block_cv_v1
592,TAIHU_GH,2017-05,2017-05,proxy_derived,0.24227727751848846,0.5138888888888888,0.27161161137040035,validation,cv_validation_block,calibration_block,validation,False,2014-05,2014-08,342,bf819f895c1f6ff33b4a4f770d40312abdbea42e3caa14402dabad9550a2e980,T3-density-0m-s20260907-cv,train_internal_time_block_cv_v1
593,TAIHU_ML,2017-05,2017-05,proxy_derived,0.5475286165536818,0.9670138888888888,0.41948527233520705,validation,cv_validation_block,calibration_block,validation,False,2014-05,2014-08,342,bf819f895c1f6ff33b4a4f770d40312abdbea42e3caa14402dabad9550a2e980,T3-density-0m-s20260907-cv,train_internal_time_block_cv_v1
594,TAIHU_ST,2017-05,2017-05,proxy_derived,0.37529803616522395,0.7152777777777778,0.33997974161255384,validation,cv_validation_block,calibration_block,validation,False,2014-05,2014-08,342,bf819f895c1f6ff33b4a4f770d40312abdbea42e3caa14402dabad9550a2e980,T3-density-0m-s20260907-cv,train_internal_time_block_cv_v1
595,TAIHU_WHOLE,2017-05,2017-05,proxy_derived,0.39402511160714293,0.9444444444444444,0.5504193328373015,validation,cv_validation_block,calibration_block,validation,False,2014-05,2014-08,342,bf819f895c1f6ff33b4a4f770d40312abdbea42e3caa14402dabad9550a2e980,T3-density-0m-s20260907-cv,train_internal_time_block_cv_v1
596,TAIHU_WT,2017-05,2017-05,proxy_derived,0.4836474247685187,0.9965277777777778,0.5128803530092592,validation,cv_validation_block,calibration_block,validation,False,2014-05,2014-08,342,bf819f895c1f6ff33b4a4f770d40312abdbea42e3caa14402dabad9550a2e980,T3-density-0m-s20260907-cv,train_internal_time_block_cv_v1
597,TAIHU_XK,2017-05,2017-05,proxy_derived,0.18671631211670278,0.4357638888888889,0.2490475767721861,validation,cv_validation_block,calibration_block,validation,False,2014-05,2014-08,342,bf819f895c1f6ff33b4a4f770d40312abdbea42e3caa14402dabad9550a2e980,T3-density-0m-s20260907-cv,train_internal_time_block_cv_v1
598,TAIHU_ZS,2017-05,2017-05,proxy_derived,0.6776169911541001,0.9930555555555556,0.31543856440145546,validation,cv_validation_block,calibration_block,validation,False,2014-05,2014-08,342,bf819f895c1f6ff33b4a4f770d40312abdbea42e3caa14402dabad9550a2e980,T3-density-0m-s20260907-cv,train_internal_time_block_cv_v1
602,TAIHU_CT,2017-08,2017-08,proxy_derived,0.6012327112268516,0.8680555555555556,0.26682284432870396,validation,cv_validation_block,calibration_block,validation,False,2014-05,2014-08,342,bf819f895c1f6ff33b4a4f770d40312abdbea42e3caa14402dabad9550a2e980,T3-density-0m-s20260907-cv,train_internal_time_block_cv_v1
603,TAIHU_ET,2017-08,2017-08,proxy_derived,0.5321098090277779,0.9479166666666666,0.4158068576388887,validation,cv_validation_block,calibration_block,validation,False,2014-05,2014-08,342,bf819f895c1f6ff33b4a4f770d40312abdbea42e3caa14402dabad9550a2e980,T3-density-0m-s20260907-cv,train_internal_time_block_cv_v1
604,TAIHU_GH,2017-08,2017-08,proxy_derived,0.5385676635526898,0.9774305555555556,0.43886289200286577,validation,cv_validation_block,calibration_block,validation,False,2014-05,2014-08,342,bf819f895c1f6ff33b4a4f770d40312abdbea42e3caa14402dabad9550a2e980,T3-density-0m-s20260907-cv,train_internal_time_block_cv_v1
605,TAIHU_ML,2017-08,2017-08,proxy_derived,0.6833924541170636,0.9878472222222222,0.3044547681051586,validation,cv_validation_block,calibration_block,validation,False,2014-05,2014-08,342,bf819f895c1f6ff33b4a4f770d40312abdbea42e3caa14402dabad9550a2e980,T3-density-0m-s20260907-cv,train_internal_time_block_cv_v1
606,TAIHU_ST,2017-08,2017-08,proxy_derived,0.5514033461474869,0.9861111111111112,0.4347077649636243,validation,cv_validation_block,calibration_block,validation,False,2014-05,2014-08,342,bf819f895c1f6ff33b4a4f770d40312abdbea42e3caa14402dabad9550a2e980,T3-density-0m-s20260907-cv,train_internal_time_block_cv_v1
607,TAIHU_WHOLE,2017-08,2017-08,proxy_derived,0.6009222229111552,0.9583333333333334,0.3574111104221782,validation,cv_validation_block,calibration_block,validation,False,2014-05,2014-08,342,bf819f895c1f6ff33b4a4f770d40312abdbea42e3caa14402dabad9550a2e980,T3-density-0m-s20260907-cv,train_internal_time_block_cv_v1
608,TAIHU_WT,2017-08,2017-08,proxy_derived,0.6967042514054235,0.9565972222222222,0.25989297081679874,validation,cv_validation_block,calibration_block,validation,False,2014-05,2014-08,342,bf819f895c1f6ff33b4a4f770d40312abdbea42e3caa14402dabad9550a2e980,T3-density-0m-s20260907-cv,train_internal_time_block_cv_v1
609,TAIHU_XK,2017-08,2017-08,proxy_derived,0.508377552496693,0.8819444444444444,0.3735668919477514,validation,cv_validation_block,calibration_block,validation,False,2014-05,2014-08,342,bf819f895c1f6ff33b4a4f770d40312abdbea42e3caa14402dabad9550a2e980,T3-density-0m-s20260907-cv,train_internal_time_block_cv_v1
610,TAIHU_ZS,2017-08,2017-08,proxy_derived,0.671280082258598,0.9791666666666666,0.3078865844080686,validation,cv_validation_block,calibration_block,validation,False,2014-05,2014-08,342,bf819f895c1f6ff33b4a4f770d40312abdbea42e3caa14402dabad9550a2e980,T3-density-0m-s20260907-cv,train_internal_time_block_cv_v1
