relative_path,absolute_path,suffix,size_bytes,sha256,status,issue_codes,encoding,schema_status,row_count,duplicate_of,archive_check,checked_at_utc,error
authorized_waterstation/authorization_template.yml,D:\Project\fuwai\2026_sheng-fuwai\data-cleaning\storage\raw\authorized_waterstation\authorization_template.yml,.yml,394,c2313b7aae7ef717ff66d2811d922c7240dcfa548cac3036bb946477a7dd8244,ok,,utf-8-sig,not_applicable,,,not_applicable,2026-08-19T07:02:30Z,
authorized_waterstation/README.md,D:\Project\fuwai\2026_sheng-fuwai\data-cleaning\storage\raw\authorized_waterstation\README.md,.md,1332,c03f85bfc67dc28b044fafac0420813569a93efe5e687753de51ee251e3e501e,ok,,utf-8-sig,not_applicable,,,not_applicable,2026-08-19T07:02:30Z,
authorized_waterstation/waterstation_template.csv,D:\Project\fuwai\2026_sheng-fuwai\data-cleaning\storage\raw\authorized_waterstation\waterstation_template.csv,.csv,103,810865ec7f749bc442794cfaa73067270aa766b7e21e85e3b5d28556bb4f870c,issue,schema_no_rows,utf-8-sig,invalid,0,,not_applicable,2026-08-19T07:02:30Z,
clms_lwq_catalog/20260819T040947Z_index.html,D:\Project\fuwai\2026_sheng-fuwai\data-cleaning\storage\raw\clms_lwq_catalog\20260819T040947Z_index.html,.html,2467,6437aaf5fc8edf744e68d262d6e9865b8414d24e1c9ef8e87bf34afd7a82ef5e,ok,,utf-8-sig,not_applicable,,,not_applicable,2026-08-19T07:02:30Z,
clms_lwq_catalog/20260819T040949Z_lwq-nrt_global_300m_10daily_v2.html,D:\Project\fuwai\2026_sheng-fuwai\data-cleaning\storage\raw\clms_lwq_catalog\20260819T040949Z_lwq-nrt_global_300m_10daily_v2.html,.html,1831,5f0551e700367e7a7ecd3b6389588ed8e4cca8cfe935d2b40997573c45d31524,ok,,utf-8-sig,not_applicable,,,not_applicable,2026-08-19T07:02:30Z,
clms_lwq_catalog/20260819T040951Z_lwq-nrt_global_300m_10daily_v2_cog.csv,D:\Project\fuwai\2026_sheng-fuwai\data-cleaning\storage\raw\clms_lwq_catalog\20260819T040951Z_lwq-nrt_global_300m_10daily_v2_cog.csv,.csv,31372,c60a5b92b19452f0ebbcf283134acd68772f6b841a5f5fe32e493ecc7e59e6e4,issue,schema_row_width_mismatch,utf-8-sig,invalid,1,,not_applicable,2026-08-19T07:02:30Z,
copernicus_sentinel2_stac/20260818T091134Z.json,D:\Project\fuwai\2026_sheng-fuwai\data-cleaning\storage\raw\copernicus_sentinel2_stac\20260818T091134Z.json,.json,219372,c4f2bdc37448cb477881890e5c5e69d62562d55a243e8c4006d23abf5498ecdb,ok,,utf-8-sig,valid_json,1,,not_applicable,2026-08-19T07:02:30Z,
copernicus_sentinel2_stac/20260819T034225Z.json,D:\Project\fuwai\2026_sheng-fuwai\data-cleaning\storage\raw\copernicus_sentinel2_stac\20260819T034225Z.json,.json,1751297,25eb20d4dd0a7d54e8465df4b6855e590a1f3a2aaa20be0a5faa6f9afb5af703,ok,,utf-8-sig,valid_json,1,,not_applicable,2026-08-19T07:02:30Z,
geo/hydrolakes/asia/HydroLAKES_Asia.cpg,D:\Project\fuwai\2026_sheng-fuwai\data-cleaning\storage\raw\geo\hydrolakes\asia\HydroLAKES_Asia.cpg,.cpg,5,3ad3031f5503a4404af825262ee8232cc04d4ea6683d42c5dd0a2f2a27ac9824,ok,,utf-8-sig,not_applicable,,,not_applicable,2026-08-19T07:02:30Z,
geo/hydrolakes/asia/HydroLAKES_Asia.dbf,D:\Project\fuwai\2026_sheng-fuwai\data-cleaning\storage\raw\geo\hydrolakes\asia\HydroLAKES_Asia.dbf,.dbf,103581850,c84a92ae1895047e5a7dcd40dd389fcc5f4514917adc0dde04d97206136ed7cc,ok,,,not_applicable,,,not_applicable,2026-08-19T07:02:30Z,
geo/hydrolakes/asia/HydroLAKES_Asia.prj,D:\Project\fuwai\2026_sheng-fuwai\data-cleaning\storage\raw\geo\hydrolakes\asia\HydroLAKES_Asia.prj,.prj,145,a02a27b1d1982c8516d83398e85a3c8b1aef1713c13ef4d84d7bde17430c07c4,ok,,utf-8-sig,not_applicable,,,not_applicable,2026-08-19T07:02:30Z,
geo/hydrolakes/asia/HydroLAKES_Asia.shp,D:\Project\fuwai\2026_sheng-fuwai\data-cleaning\storage\raw\geo\hydrolakes\asia\HydroLAKES_Asia.shp,.shp,102996128,c9c568f25c66c721bdc3fd366704bee7555a4c86914d136ccf23285029d84406,ok,,,not_applicable,,,not_applicable,2026-08-19T07:02:30Z,
geo/hydrolakes/asia/HydroLAKES_Asia.shx,D:\Project\fuwai\2026_sheng-fuwai\data-cleaning\storage\raw\geo\hydrolakes\asia\HydroLAKES_Asia.shx,.shx,2001668,c5c1eb6044fba819a312e512e1d21388dd93f66d938878fa1980ab98815cd45e,ok,,,not_applicable,,,not_applicable,2026-08-19T07:02:30Z,
geo/hydrolakes/HydroLAKES_Asia.zip,D:\Project\fuwai\2026_sheng-fuwai\data-cleaning\storage\raw\geo\hydrolakes\HydroLAKES_Asia.zip,.zip,66441239,7c610c19d561f84624736081d2bdd95c004812f5c2354afb6cbdc1bc5c411cc2,ok,,,not_applicable,,,valid,2026-08-19T07:02:30Z,
hydrobasins/hybas_as_lev08_v1c.zip,D:\Project\fuwai\2026_sheng-fuwai\data-cleaning\storage\raw\hydrobasins\hybas_as_lev08_v1c.zip,.zip,34308015,878c56bb4253a7c86273dbf5babb0b7093d344f8448d71163b88605860074c16,ok,,,not_applicable,,,valid,2026-08-19T07:02:30Z,
lake_geodata_probe/20260818T114642Z_niglas_lake_geodata_feature.html,D:\Project\fuwai\2026_sheng-fuwai\data-cleaning\storage\raw\lake_geodata_probe\20260818T114642Z_niglas_lake_geodata_feature.html,.html,42589,b1e279917664626ebecf0b3bb73d8b0994d75152d1686e0a8152e13215cc0d87,ok,,utf-8-sig,not_applicable,,,not_applicable,2026-08-19T07:02:30Z,
lake_geodata_probe/20260818T114642Z_niglas_taihu_phytoplankton.html,D:\Project\fuwai\2026_sheng-fuwai\data-cleaning\storage\raw\lake_geodata_probe\20260818T114642Z_niglas_taihu_phytoplankton.html,.html,37910,89d8e7361c09ad3056f1d2ccc87f1d2c6d6df6c99a05d0599a71a30c734282a3,ok,,utf-8-sig,not_applicable,,,not_applicable,2026-08-19T07:02:30Z,
lake_geodata_probe/20260818T114642Z_niglas_taihu_water_quality.html,D:\Project\fuwai\2026_sheng-fuwai\data-cleaning\storage\raw\lake_geodata_probe\20260818T114642Z_niglas_taihu_water_quality.html,.html,37909,fccb9fda144c1a8a7696ec04d68f0cb0bcb88bda97748cd5bccbbf7f3d00bc8c,ok,,utf-8-sig,not_applicable,,,not_applicable,2026-08-19T07:02:30Z,
lake_geodata_probe/20260818T114755Z_test.html,D:\Project\fuwai\2026_sheng-fuwai\data-cleaning\storage\raw\lake_geodata_probe\20260818T114755Z_test.html,.html,65,10c871489f8647d88c3c96379124f7a0931d0727e63ace93c836b3dca813fc92,ok,,utf-8-sig,not_applicable,,,not_applicable,2026-08-19T07:02:30Z,
lake_geodata_probe/20260818T114818Z_test.html,D:\Project\fuwai\2026_sheng-fuwai\data-cleaning\storage\raw\lake_geodata_probe\20260818T114818Z_test.html,.html,65,10c871489f8647d88c3c96379124f7a0931d0727e63ace93c836b3dca813fc92,duplicate,duplicate_checksum,utf-8-sig,not_applicable,,lake_geodata_probe/20260818T114755Z_test.html,not_applicable,2026-08-19T07:02:30Z,
lake_geodata_probe/20260818T114832Z_niglas_lake_geodata_feature.html,D:\Project\fuwai\2026_sheng-fuwai\data-cleaning\storage\raw\lake_geodata_probe\20260818T114832Z_niglas_lake_geodata_feature.html,.html,42589,fd431b3052e1446f2c8285aa6e465d130b3717c2639be13b24c196363d09447c,ok,,utf-8-sig,not_applicable,,,not_applicable,2026-08-19T07:02:30Z,
lake_geodata_probe/20260818T114832Z_niglas_taihu_phytoplankton.html,D:\Project\fuwai\2026_sheng-fuwai\data-cleaning\storage\raw\lake_geodata_probe\20260818T114832Z_niglas_taihu_phytoplankton.html,.html,37910,6aaad7f5db9b7845c4f3880a1f827cb1da60326aa52463816748c9a71a5ae7d7,ok,,utf-8-sig,not_applicable,,,not_applicable,2026-08-19T07:02:30Z,
lake_geodata_probe/20260818T114832Z_niglas_taihu_water_quality.html,D:\Project\fuwai\2026_sheng-fuwai\data-cleaning\storage\raw\lake_geodata_probe\20260818T114832Z_niglas_taihu_water_quality.html,.html,37909,0a310669d755d40c2d834d80614197cce60c1a54a018d4319d719ff5c8a40e1b,ok,,utf-8-sig,not_applicable,,,not_applicable,2026-08-19T07:02:30Z,
lake_geodata_probe/20260818T115304Z_test.html,D:\Project\fuwai\2026_sheng-fuwai\data-cleaning\storage\raw\lake_geodata_probe\20260818T115304Z_test.html,.html,65,10c871489f8647d88c3c96379124f7a0931d0727e63ace93c836b3dca813fc92,duplicate,duplicate_checksum,utf-8-sig,not_applicable,,lake_geodata_probe/20260818T114755Z_test.html,not_applicable,2026-08-19T07:02:30Z,
lake_geodata_probe/20260818T115721Z_test.html,D:\Project\fuwai\2026_sheng-fuwai\data-cleaning\storage\raw\lake_geodata_probe\20260818T115721Z_test.html,.html,65,10c871489f8647d88c3c96379124f7a0931d0727e63ace93c836b3dca813fc92,duplicate,duplicate_checksum,utf-8-sig,not_applicable,,lake_geodata_probe/20260818T114755Z_test.html,not_applicable,2026-08-19T07:02:30Z,
lake_geodata_probe/20260818T120027Z_test.html,D:\Project\fuwai\2026_sheng-fuwai\data-cleaning\storage\raw\lake_geodata_probe\20260818T120027Z_test.html,.html,65,10c871489f8647d88c3c96379124f7a0931d0727e63ace93c836b3dca813fc92,duplicate,duplicate_checksum,utf-8-sig,not_applicable,,lake_geodata_probe/20260818T114755Z_test.html,not_applicable,2026-08-19T07:02:30Z,
lake_geodata_probe/20260818T120056Z_test.html,D:\Project\fuwai\2026_sheng-fuwai\data-cleaning\storage\raw\lake_geodata_probe\20260818T120056Z_test.html,.html,65,10c871489f8647d88c3c96379124f7a0931d0727e63ace93c836b3dca813fc92,duplicate,duplicate_checksum,utf-8-sig,not_applicable,,lake_geodata_probe/20260818T114755Z_test.html,not_applicable,2026-08-19T07:02:30Z,
lake_geodata_probe/20260818T120335Z_test.html,D:\Project\fuwai\2026_sheng-fuwai\data-cleaning\storage\raw\lake_geodata_probe\20260818T120335Z_test.html,.html,65,10c871489f8647d88c3c96379124f7a0931d0727e63ace93c836b3dca813fc92,duplicate,duplicate_checksum,utf-8-sig,not_applicable,,lake_geodata_probe/20260818T114755Z_test.html,not_applicable,2026-08-19T07:02:30Z,
lake_geodata_probe/20260818T120401Z_test.html,D:\Project\fuwai\2026_sheng-fuwai\data-cleaning\storage\raw\lake_geodata_probe\20260818T120401Z_test.html,.html,65,10c871489f8647d88c3c96379124f7a0931d0727e63ace93c836b3dca813fc92,duplicate,duplicate_checksum,utf-8-sig,not_applicable,,lake_geodata_probe/20260818T114755Z_test.html,not_applicable,2026-08-19T07:02:30Z,
lake_geodata_probe/20260818T121546Z_test.html,D:\Project\fuwai\2026_sheng-fuwai\data-cleaning\storage\raw\lake_geodata_probe\20260818T121546Z_test.html,.html,65,10c871489f8647d88c3c96379124f7a0931d0727e63ace93c836b3dca813fc92,duplicate,duplicate_checksum,utf-8-sig,not_applicable,,lake_geodata_probe/20260818T114755Z_test.html,not_applicable,2026-08-19T07:02:30Z,
lake_geodata_probe/20260818T122245Z_test.html,D:\Project\fuwai\2026_sheng-fuwai\data-cleaning\storage\raw\lake_geodata_probe\20260818T122245Z_test.html,.html,65,10c871489f8647d88c3c96379124f7a0931d0727e63ace93c836b3dca813fc92,duplicate,duplicate_checksum,utf-8-sig,not_applicable,,lake_geodata_probe/20260818T114755Z_test.html,not_applicable,2026-08-19T07:02:30Z,
lake_geodata_probe/20260818T122901Z_test.html,D:\Project\fuwai\2026_sheng-fuwai\data-cleaning\storage\raw\lake_geodata_probe\20260818T122901Z_test.html,.html,65,10c871489f8647d88c3c96379124f7a0931d0727e63ace93c836b3dca813fc92,duplicate,duplicate_checksum,utf-8-sig,not_applicable,,lake_geodata_probe/20260818T114755Z_test.html,not_applicable,2026-08-19T07:02:30Z,
lake_geodata_probe/20260818T123217Z_test.html,D:\Project\fuwai\2026_sheng-fuwai\data-cleaning\storage\raw\lake_geodata_probe\20260818T123217Z_test.html,.html,65,10c871489f8647d88c3c96379124f7a0931d0727e63ace93c836b3dca813fc92,duplicate,duplicate_checksum,utf-8-sig,not_applicable,,lake_geodata_probe/20260818T114755Z_test.html,not_applicable,2026-08-19T07:02:30Z,
lake_geodata_probe/20260818T123323Z_test.html,D:\Project\fuwai\2026_sheng-fuwai\data-cleaning\storage\raw\lake_geodata_probe\20260818T123323Z_test.html,.html,65,10c871489f8647d88c3c96379124f7a0931d0727e63ace93c836b3dca813fc92,duplicate,duplicate_checksum,utf-8-sig,not_applicable,,lake_geodata_probe/20260818T114755Z_test.html,not_applicable,2026-08-19T07:02:30Z,
lake_geodata_probe/20260818T123433Z_test.html,D:\Project\fuwai\2026_sheng-fuwai\data-cleaning\storage\raw\lake_geodata_probe\20260818T123433Z_test.html,.html,65,10c871489f8647d88c3c96379124f7a0931d0727e63ace93c836b3dca813fc92,duplicate,duplicate_checksum,utf-8-sig,not_applicable,,lake_geodata_probe/20260818T114755Z_test.html,not_applicable,2026-08-19T07:02:30Z,
lake_geodata_probe/20260818T123956Z_test.html,D:\Project\fuwai\2026_sheng-fuwai\data-cleaning\storage\raw\lake_geodata_probe\20260818T123956Z_test.html,.html,65,10c871489f8647d88c3c96379124f7a0931d0727e63ace93c836b3dca813fc92,duplicate,duplicate_checksum,utf-8-sig,not_applicable,,lake_geodata_probe/20260818T114755Z_test.html,not_applicable,2026-08-19T07:02:30Z,
lake_geodata_probe/20260818T124333Z_test.html,D:\Project\fuwai\2026_sheng-fuwai\data-cleaning\storage\raw\lake_geodata_probe\20260818T124333Z_test.html,.html,65,10c871489f8647d88c3c96379124f7a0931d0727e63ace93c836b3dca813fc92,duplicate,duplicate_checksum,utf-8-sig,not_applicable,,lake_geodata_probe/20260818T114755Z_test.html,not_applicable,2026-08-19T07:02:30Z,
lake_geodata_probe/20260818T132547Z_test.html,D:\Project\fuwai\2026_sheng-fuwai\data-cleaning\storage\raw\lake_geodata_probe\20260818T132547Z_test.html,.html,65,10c871489f8647d88c3c96379124f7a0931d0727e63ace93c836b3dca813fc92,duplicate,duplicate_checksum,utf-8-sig,not_applicable,,lake_geodata_probe/20260818T114755Z_test.html,not_applicable,2026-08-19T07:02:30Z,
lake_geodata_probe/20260818T132851Z_test.html,D:\Project\fuwai\2026_sheng-fuwai\data-cleaning\storage\raw\lake_geodata_probe\20260818T132851Z_test.html,.html,65,10c871489f8647d88c3c96379124f7a0931d0727e63ace93c836b3dca813fc92,duplicate,duplicate_checksum,utf-8-sig,not_applicable,,lake_geodata_probe/20260818T114755Z_test.html,not_applicable,2026-08-19T07:02:30Z,
lake_geodata_probe/20260818T132917Z_test.html,D:\Project\fuwai\2026_sheng-fuwai\data-cleaning\storage\raw\lake_geodata_probe\20260818T132917Z_test.html,.html,65,10c871489f8647d88c3c96379124f7a0931d0727e63ace93c836b3dca813fc92,duplicate,duplicate_checksum,utf-8-sig,not_applicable,,lake_geodata_probe/20260818T114755Z_test.html,not_applicable,2026-08-19T07:02:30Z,
lake_geodata_probe/20260818T133217Z_test.html,D:\Project\fuwai\2026_sheng-fuwai\data-cleaning\storage\raw\lake_geodata_probe\20260818T133217Z_test.html,.html,65,10c871489f8647d88c3c96379124f7a0931d0727e63ace93c836b3dca813fc92,duplicate,duplicate_checksum,utf-8-sig,not_applicable,,lake_geodata_probe/20260818T114755Z_test.html,not_applicable,2026-08-19T07:02:30Z,
lake_geodata_probe/20260818T133607Z_test.html,D:\Project\fuwai\2026_sheng-fuwai\data-cleaning\storage\raw\lake_geodata_probe\20260818T133607Z_test.html,.html,65,10c871489f8647d88c3c96379124f7a0931d0727e63ace93c836b3dca813fc92,duplicate,duplicate_checksum,utf-8-sig,not_applicable,,lake_geodata_probe/20260818T114755Z_test.html,not_applicable,2026-08-19T07:02:30Z,
lake_geodata_probe/20260818T135136Z_test.html,D:\Project\fuwai\2026_sheng-fuwai\data-cleaning\storage\raw\lake_geodata_probe\20260818T135136Z_test.html,.html,65,10c871489f8647d88c3c96379124f7a0931d0727e63ace93c836b3dca813fc92,duplicate,duplicate_checksum,utf-8-sig,not_applicable,,lake_geodata_probe/20260818T114755Z_test.html,not_applicable,2026-08-19T07:02:30Z,
lake_geodata_probe/20260818T135526Z_test.html,D:\Project\fuwai\2026_sheng-fuwai\data-cleaning\storage\raw\lake_geodata_probe\20260818T135526Z_test.html,.html,65,10c871489f8647d88c3c96379124f7a0931d0727e63ace93c836b3dca813fc92,duplicate,duplicate_checksum,utf-8-sig,not_applicable,,lake_geodata_probe/20260818T114755Z_test.html,not_applicable,2026-08-19T07:02:30Z,
lake_geodata_probe/20260818T135841Z_test.html,D:\Project\fuwai\2026_sheng-fuwai\data-cleaning\storage\raw\lake_geodata_probe\20260818T135841Z_test.html,.html,65,10c871489f8647d88c3c96379124f7a0931d0727e63ace93c836b3dca813fc92,duplicate,duplicate_checksum,utf-8-sig,not_applicable,,lake_geodata_probe/20260818T114755Z_test.html,not_applicable,2026-08-19T07:02:30Z,
lake_geodata_probe/20260818T135907Z_test.html,D:\Project\fuwai\2026_sheng-fuwai\data-cleaning\storage\raw\lake_geodata_probe\20260818T135907Z_test.html,.html,65,10c871489f8647d88c3c96379124f7a0931d0727e63ace93c836b3dca813fc92,duplicate,duplicate_checksum,utf-8-sig,not_applicable,,lake_geodata_probe/20260818T114755Z_test.html,not_applicable,2026-08-19T07:02:30Z,
lake_geodata_probe/20260818T140323Z_test.html,D:\Project\fuwai\2026_sheng-fuwai\data-cleaning\storage\raw\lake_geodata_probe\20260818T140323Z_test.html,.html,65,10c871489f8647d88c3c96379124f7a0931d0727e63ace93c836b3dca813fc92,duplicate,duplicate_checksum,utf-8-sig,not_applicable,,lake_geodata_probe/20260818T114755Z_test.html,not_applicable,2026-08-19T07:02:30Z,
lake_geodata_probe/20260818T140530Z_test.html,D:\Project\fuwai\2026_sheng-fuwai\data-cleaning\storage\raw\lake_geodata_probe\20260818T140530Z_test.html,.html,65,10c871489f8647d88c3c96379124f7a0931d0727e63ace93c836b3dca813fc92,duplicate,duplicate_checksum,utf-8-sig,not_applicable,,lake_geodata_probe/20260818T114755Z_test.html,not_applicable,2026-08-19T07:02:30Z,
lake_geodata_probe/20260818T140851Z_test.html,D:\Project\fuwai\2026_sheng-fuwai\data-cleaning\storage\raw\lake_geodata_probe\20260818T140851Z_test.html,.html,65,10c871489f8647d88c3c96379124f7a0931d0727e63ace93c836b3dca813fc92,duplicate,duplicate_checksum,utf-8-sig,not_applicable,,lake_geodata_probe/20260818T114755Z_test.html,not_applicable,2026-08-19T07:02:30Z,
lake_geodata_probe/20260818T141621Z_test.html,D:\Project\fuwai\2026_sheng-fuwai\data-cleaning\storage\raw\lake_geodata_probe\20260818T141621Z_test.html,.html,65,10c871489f8647d88c3c96379124f7a0931d0727e63ace93c836b3dca813fc92,duplicate,duplicate_checksum,utf-8-sig,not_applicable,,lake_geodata_probe/20260818T114755Z_test.html,not_applicable,2026-08-19T07:02:30Z,
lake_geodata_probe/20260818T141710Z_test.html,D:\Project\fuwai\2026_sheng-fuwai\data-cleaning\storage\raw\lake_geodata_probe\20260818T141710Z_test.html,.html,65,10c871489f8647d88c3c96379124f7a0931d0727e63ace93c836b3dca813fc92,duplicate,duplicate_checksum,utf-8-sig,not_applicable,,lake_geodata_probe/20260818T114755Z_test.html,not_applicable,2026-08-19T07:02:30Z,
lake_geodata_probe/20260818T142022Z_test.html,D:\Project\fuwai\2026_sheng-fuwai\data-cleaning\storage\raw\lake_geodata_probe\20260818T142022Z_test.html,.html,65,10c871489f8647d88c3c96379124f7a0931d0727e63ace93c836b3dca813fc92,duplicate,duplicate_checksum,utf-8-sig,not_applicable,,lake_geodata_probe/20260818T114755Z_test.html,not_applicable,2026-08-19T07:02:30Z,
lake_geodata_probe/20260818T151521Z_test.html,D:\Project\fuwai\2026_sheng-fuwai\data-cleaning\storage\raw\lake_geodata_probe\20260818T151521Z_test.html,.html,65,10c871489f8647d88c3c96379124f7a0931d0727e63ace93c836b3dca813fc92,duplicate,duplicate_checksum,utf-8-sig,not_applicable,,lake_geodata_probe/20260818T114755Z_test.html,not_applicable,2026-08-19T07:02:30Z,
lake_geodata_probe/20260818T152342Z_test.html,D:\Project\fuwai\2026_sheng-fuwai\data-cleaning\storage\raw\lake_geodata_probe\20260818T152342Z_test.html,.html,65,10c871489f8647d88c3c96379124f7a0931d0727e63ace93c836b3dca813fc92,duplicate,duplicate_checksum,utf-8-sig,not_applicable,,lake_geodata_probe/20260818T114755Z_test.html,not_applicable,2026-08-19T07:02:30Z,
lake_geodata_probe/20260818T152720Z_test.html,D:\Project\fuwai\2026_sheng-fuwai\data-cleaning\storage\raw\lake_geodata_probe\20260818T152720Z_test.html,.html,65,10c871489f8647d88c3c96379124f7a0931d0727e63ace93c836b3dca813fc92,duplicate,duplicate_checksum,utf-8-sig,not_applicable,,lake_geodata_probe/20260818T114755Z_test.html,not_applicable,2026-08-19T07:02:30Z,
lake_geodata_probe/20260818T153034Z_test.html,D:\Project\fuwai\2026_sheng-fuwai\data-cleaning\storage\raw\lake_geodata_probe\20260818T153034Z_test.html,.html,65,10c871489f8647d88c3c96379124f7a0931d0727e63ace93c836b3dca813fc92,duplicate,duplicate_checksum,utf-8-sig,not_applicable,,lake_geodata_probe/20260818T114755Z_test.html,not_applicable,2026-08-19T07:02:30Z,
lake_geodata_probe/20260818T153707Z_test.html,D:\Project\fuwai\2026_sheng-fuwai\data-cleaning\storage\raw\lake_geodata_probe\20260818T153707Z_test.html,.html,65,10c871489f8647d88c3c96379124f7a0931d0727e63ace93c836b3dca813fc92,duplicate,duplicate_checksum,utf-8-sig,not_applicable,,lake_geodata_probe/20260818T114755Z_test.html,not_applicable,2026-08-19T07:02:30Z,
lake_geodata_probe/20260818T222554Z_test.html,D:\Project\fuwai\2026_sheng-fuwai\data-cleaning\storage\raw\lake_geodata_probe\20260818T222554Z_test.html,.html,65,10c871489f8647d88c3c96379124f7a0931d0727e63ace93c836b3dca813fc92,duplicate,duplicate_checksum,utf-8-sig,not_applicable,,lake_geodata_probe/20260818T114755Z_test.html,not_applicable,2026-08-19T07:02:30Z,
lake_geodata_probe/20260818T223001Z_test.html,D:\Project\fuwai\2026_sheng-fuwai\data-cleaning\storage\raw\lake_geodata_probe\20260818T223001Z_test.html,.html,65,10c871489f8647d88c3c96379124f7a0931d0727e63ace93c836b3dca813fc92,duplicate,duplicate_checksum,utf-8-sig,not_applicable,,lake_geodata_probe/20260818T114755Z_test.html,not_applicable,2026-08-19T07:02:30Z,
lake_geodata_probe/20260818T223531Z_test.html,D:\Project\fuwai\2026_sheng-fuwai\data-cleaning\storage\raw\lake_geodata_probe\20260818T223531Z_test.html,.html,65,10c871489f8647d88c3c96379124f7a0931d0727e63ace93c836b3dca813fc92,duplicate,duplicate_checksum,utf-8-sig,not_applicable,,lake_geodata_probe/20260818T114755Z_test.html,not_applicable,2026-08-19T07:02:30Z,
lake_geodata_probe/20260818T224544Z_test.html,D:\Project\fuwai\2026_sheng-fuwai\data-cleaning\storage\raw\lake_geodata_probe\20260818T224544Z_test.html,.html,65,10c871489f8647d88c3c96379124f7a0931d0727e63ace93c836b3dca813fc92,duplicate,duplicate_checksum,utf-8-sig,not_applicable,,lake_geodata_probe/20260818T114755Z_test.html,not_applicable,2026-08-19T07:02:30Z,
lake_geodata_probe/20260818T225138Z_test.html,D:\Project\fuwai\2026_sheng-fuwai\data-cleaning\storage\raw\lake_geodata_probe\20260818T225138Z_test.html,.html,65,10c871489f8647d88c3c96379124f7a0931d0727e63ace93c836b3dca813fc92,duplicate,duplicate_checksum,utf-8-sig,not_applicable,,lake_geodata_probe/20260818T114755Z_test.html,not_applicable,2026-08-19T07:02:30Z,
lake_geodata_probe/20260818T225444Z_test.html,D:\Project\fuwai\2026_sheng-fuwai\data-cleaning\storage\raw\lake_geodata_probe\20260818T225444Z_test.html,.html,65,10c871489f8647d88c3c96379124f7a0931d0727e63ace93c836b3dca813fc92,duplicate,duplicate_checksum,utf-8-sig,not_applicable,,lake_geodata_probe/20260818T114755Z_test.html,not_applicable,2026-08-19T07:02:30Z,
lake_geodata_probe/20260818T225518Z_test.html,D:\Project\fuwai\2026_sheng-fuwai\data-cleaning\storage\raw\lake_geodata_probe\20260818T225518Z_test.html,.html,65,10c871489f8647d88c3c96379124f7a0931d0727e63ace93c836b3dca813fc92,duplicate,duplicate_checksum,utf-8-sig,not_applicable,,lake_geodata_probe/20260818T114755Z_test.html,not_applicable,2026-08-19T07:02:30Z,
lake_geodata_probe/20260818T230004Z_test.html,D:\Project\fuwai\2026_sheng-fuwai\data-cleaning\storage\raw\lake_geodata_probe\20260818T230004Z_test.html,.html,65,10c871489f8647d88c3c96379124f7a0931d0727e63ace93c836b3dca813fc92,duplicate,duplicate_checksum,utf-8-sig,not_applicable,,lake_geodata_probe/20260818T114755Z_test.html,not_applicable,2026-08-19T07:02:30Z,
lake_geodata_probe/20260818T230149Z_test.html,D:\Project\fuwai\2026_sheng-fuwai\data-cleaning\storage\raw\lake_geodata_probe\20260818T230149Z_test.html,.html,65,10c871489f8647d88c3c96379124f7a0931d0727e63ace93c836b3dca813fc92,duplicate,duplicate_checksum,utf-8-sig,not_applicable,,lake_geodata_probe/20260818T114755Z_test.html,not_applicable,2026-08-19T07:02:30Z,
lake_geodata_probe/20260818T230233Z_test.html,D:\Project\fuwai\2026_sheng-fuwai\data-cleaning\storage\raw\lake_geodata_probe\20260818T230233Z_test.html,.html,65,10c871489f8647d88c3c96379124f7a0931d0727e63ace93c836b3dca813fc92,duplicate,duplicate_checksum,utf-8-sig,not_applicable,,lake_geodata_probe/20260818T114755Z_test.html,not_applicable,2026-08-19T07:02:30Z,
lake_geodata_probe/20260818T231051Z_test.html,D:\Project\fuwai\2026_sheng-fuwai\data-cleaning\storage\raw\lake_geodata_probe\20260818T231051Z_test.html,.html,65,10c871489f8647d88c3c96379124f7a0931d0727e63ace93c836b3dca813fc92,duplicate,duplicate_checksum,utf-8-sig,not_applicable,,lake_geodata_probe/20260818T114755Z_test.html,not_applicable,2026-08-19T07:02:30Z,
lake_geodata_probe/20260818T231132Z_test.html,D:\Project\fuwai\2026_sheng-fuwai\data-cleaning\storage\raw\lake_geodata_probe\20260818T231132Z_test.html,.html,65,10c871489f8647d88c3c96379124f7a0931d0727e63ace93c836b3dca813fc92,duplicate,duplicate_checksum,utf-8-sig,not_applicable,,lake_geodata_probe/20260818T114755Z_test.html,not_applicable,2026-08-19T07:02:30Z,
lake_geodata_probe/20260818T231150Z_test.html,D:\Project\fuwai\2026_sheng-fuwai\data-cleaning\storage\raw\lake_geodata_probe\20260818T231150Z_test.html,.html,65,10c871489f8647d88c3c96379124f7a0931d0727e63ace93c836b3dca813fc92,duplicate,duplicate_checksum,utf-8-sig,not_applicable,,lake_geodata_probe/20260818T114755Z_test.html,not_applicable,2026-08-19T07:02:30Z,
lake_geodata_probe/20260818T231334Z_test.html,D:\Project\fuwai\2026_sheng-fuwai\data-cleaning\storage\raw\lake_geodata_probe\20260818T231334Z_test.html,.html,65,10c871489f8647d88c3c96379124f7a0931d0727e63ace93c836b3dca813fc92,duplicate,duplicate_checksum,utf-8-sig,not_applicable,,lake_geodata_probe/20260818T114755Z_test.html,not_applicable,2026-08-19T07:02:30Z,
lake_geodata_probe/20260818T231601Z_test.html,D:\Project\fuwai\2026_sheng-fuwai\data-cleaning\storage\raw\lake_geodata_probe\20260818T231601Z_test.html,.html,65,10c871489f8647d88c3c96379124f7a0931d0727e63ace93c836b3dca813fc92,duplicate,duplicate_checksum,utf-8-sig,not_applicable,,lake_geodata_probe/20260818T114755Z_test.html,not_applicable,2026-08-19T07:02:30Z,
lake_geodata_probe/20260818T231625Z_test.html,D:\Project\fuwai\2026_sheng-fuwai\data-cleaning\storage\raw\lake_geodata_probe\20260818T231625Z_test.html,.html,65,10c871489f8647d88c3c96379124f7a0931d0727e63ace93c836b3dca813fc92,duplicate,duplicate_checksum,utf-8-sig,not_applicable,,lake_geodata_probe/20260818T114755Z_test.html,not_applicable,2026-08-19T07:02:30Z,
lake_geodata_probe/20260818T231846Z_test.html,D:\Project\fuwai\2026_sheng-fuwai\data-cleaning\storage\raw\lake_geodata_probe\20260818T231846Z_test.html,.html,65,10c871489f8647d88c3c96379124f7a0931d0727e63ace93c836b3dca813fc92,duplicate,duplicate_checksum,utf-8-sig,not_applicable,,lake_geodata_probe/20260818T114755Z_test.html,not_applicable,2026-08-19T07:02:30Z,
lake_geodata_probe/20260818T231910Z_test.html,D:\Project\fuwai\2026_sheng-fuwai\data-cleaning\storage\raw\lake_geodata_probe\20260818T231910Z_test.html,.html,65,10c871489f8647d88c3c96379124f7a0931d0727e63ace93c836b3dca813fc92,duplicate,duplicate_checksum,utf-8-sig,not_applicable,,lake_geodata_probe/20260818T114755Z_test.html,not_applicable,2026-08-19T07:02:30Z,
lake_geodata_probe/20260818T232114Z_test.html,D:\Project\fuwai\2026_sheng-fuwai\data-cleaning\storage\raw\lake_geodata_probe\20260818T232114Z_test.html,.html,65,10c871489f8647d88c3c96379124f7a0931d0727e63ace93c836b3dca813fc92,duplicate,duplicate_checksum,utf-8-sig,not_applicable,,lake_geodata_probe/20260818T114755Z_test.html,not_applicable,2026-08-19T07:02:30Z,
lake_geodata_probe/20260818T232433Z_test.html,D:\Project\fuwai\2026_sheng-fuwai\data-cleaning\storage\raw\lake_geodata_probe\20260818T232433Z_test.html,.html,65,10c871489f8647d88c3c96379124f7a0931d0727e63ace93c836b3dca813fc92,duplicate,duplicate_checksum,utf-8-sig,not_applicable,,lake_geodata_probe/20260818T114755Z_test.html,not_applicable,2026-08-19T07:02:30Z,
lake_geodata_probe/20260818T232456Z_test.html,D:\Project\fuwai\2026_sheng-fuwai\data-cleaning\storage\raw\lake_geodata_probe\20260818T232456Z_test.html,.html,65,10c871489f8647d88c3c96379124f7a0931d0727e63ace93c836b3dca813fc92,duplicate,duplicate_checksum,utf-8-sig,not_applicable,,lake_geodata_probe/20260818T114755Z_test.html,not_applicable,2026-08-19T07:02:30Z,
lake_geodata_probe/20260818T232903Z_test.html,D:\Project\fuwai\2026_sheng-fuwai\data-cleaning\storage\raw\lake_geodata_probe\20260818T232903Z_test.html,.html,65,10c871489f8647d88c3c96379124f7a0931d0727e63ace93c836b3dca813fc92,duplicate,duplicate_checksum,utf-8-sig,not_applicable,,lake_geodata_probe/20260818T114755Z_test.html,not_applicable,2026-08-19T07:02:30Z,
lake_geodata_probe/20260818T232927Z_test.html,D:\Project\fuwai\2026_sheng-fuwai\data-cleaning\storage\raw\lake_geodata_probe\20260818T232927Z_test.html,.html,65,10c871489f8647d88c3c96379124f7a0931d0727e63ace93c836b3dca813fc92,duplicate,duplicate_checksum,utf-8-sig,not_applicable,,lake_geodata_probe/20260818T114755Z_test.html,not_applicable,2026-08-19T07:02:30Z,
lake_geodata_probe/20260818T233226Z_test.html,D:\Project\fuwai\2026_sheng-fuwai\data-cleaning\storage\raw\lake_geodata_probe\20260818T233226Z_test.html,.html,65,10c871489f8647d88c3c96379124f7a0931d0727e63ace93c836b3dca813fc92,duplicate,duplicate_checksum,utf-8-sig,not_applicable,,lake_geodata_probe/20260818T114755Z_test.html,not_applicable,2026-08-19T07:02:30Z,
lake_geodata_probe/20260818T233248Z_test.html,D:\Project\fuwai\2026_sheng-fuwai\data-cleaning\storage\raw\lake_geodata_probe\20260818T233248Z_test.html,.html,65,10c871489f8647d88c3c96379124f7a0931d0727e63ace93c836b3dca813fc92,duplicate,duplicate_checksum,utf-8-sig,not_applicable,,lake_geodata_probe/20260818T114755Z_test.html,not_applicable,2026-08-19T07:02:30Z,
lake_geodata_probe/20260818T233511Z_test.html,D:\Project\fuwai\2026_sheng-fuwai\data-cleaning\storage\raw\lake_geodata_probe\20260818T233511Z_test.html,.html,65,10c871489f8647d88c3c96379124f7a0931d0727e63ace93c836b3dca813fc92,duplicate,duplicate_checksum,utf-8-sig,not_applicable,,lake_geodata_probe/20260818T114755Z_test.html,not_applicable,2026-08-19T07:02:30Z,
lake_geodata_probe/20260818T233532Z_test.html,D:\Project\fuwai\2026_sheng-fuwai\data-cleaning\storage\raw\lake_geodata_probe\20260818T233532Z_test.html,.html,65,10c871489f8647d88c3c96379124f7a0931d0727e63ace93c836b3dca813fc92,duplicate,duplicate_checksum,utf-8-sig,not_applicable,,lake_geodata_probe/20260818T114755Z_test.html,not_applicable,2026-08-19T07:02:30Z,
lake_geodata_probe/20260818T233936Z_test.html,D:\Project\fuwai\2026_sheng-fuwai\data-cleaning\storage\raw\lake_geodata_probe\20260818T233936Z_test.html,.html,65,10c871489f8647d88c3c96379124f7a0931d0727e63ace93c836b3dca813fc92,duplicate,duplicate_checksum,utf-8-sig,not_applicable,,lake_geodata_probe/20260818T114755Z_test.html,not_applicable,2026-08-19T07:02:30Z,
lake_geodata_probe/20260818T234008Z_test.html,D:\Project\fuwai\2026_sheng-fuwai\data-cleaning\storage\raw\lake_geodata_probe\20260818T234008Z_test.html,.html,65,10c871489f8647d88c3c96379124f7a0931d0727e63ace93c836b3dca813fc92,duplicate,duplicate_checksum,utf-8-sig,not_applicable,,lake_geodata_probe/20260818T114755Z_test.html,not_applicable,2026-08-19T07:02:30Z,
lake_geodata_probe/20260818T234315Z_test.html,D:\Project\fuwai\2026_sheng-fuwai\data-cleaning\storage\raw\lake_geodata_probe\20260818T234315Z_test.html,.html,65,10c871489f8647d88c3c96379124f7a0931d0727e63ace93c836b3dca813fc92,duplicate,duplicate_checksum,utf-8-sig,not_applicable,,lake_geodata_probe/20260818T114755Z_test.html,not_applicable,2026-08-19T07:02:30Z,
lake_geodata_probe/20260818T234529Z_test.html,D:\Project\fuwai\2026_sheng-fuwai\data-cleaning\storage\raw\lake_geodata_probe\20260818T234529Z_test.html,.html,65,10c871489f8647d88c3c96379124f7a0931d0727e63ace93c836b3dca813fc92,duplicate,duplicate_checksum,utf-8-sig,not_applicable,,lake_geodata_probe/20260818T114755Z_test.html,not_applicable,2026-08-19T07:02:30Z,
lake_geodata_probe/20260818T234825Z_test.html,D:\Project\fuwai\2026_sheng-fuwai\data-cleaning\storage\raw\lake_geodata_probe\20260818T234825Z_test.html,.html,65,10c871489f8647d88c3c96379124f7a0931d0727e63ace93c836b3dca813fc92,duplicate,duplicate_checksum,utf-8-sig,not_applicable,,lake_geodata_probe/20260818T114755Z_test.html,not_applicable,2026-08-19T07:02:30Z,
lake_geodata_probe/20260818T235457Z_test.html,D:\Project\fuwai\2026_sheng-fuwai\data-cleaning\storage\raw\lake_geodata_probe\20260818T235457Z_test.html,.html,65,10c871489f8647d88c3c96379124f7a0931d0727e63ace93c836b3dca813fc92,duplicate,duplicate_checksum,utf-8-sig,not_applicable,,lake_geodata_probe/20260818T114755Z_test.html,not_applicable,2026-08-19T07:02:30Z,
lake_geodata_probe/20260818T235930Z_test.html,D:\Project\fuwai\2026_sheng-fuwai\data-cleaning\storage\raw\lake_geodata_probe\20260818T235930Z_test.html,.html,65,10c871489f8647d88c3c96379124f7a0931d0727e63ace93c836b3dca813fc92,duplicate,duplicate_checksum,utf-8-sig,not_applicable,,lake_geodata_probe/20260818T114755Z_test.html,not_applicable,2026-08-19T07:02:30Z,
lake_geodata_probe/20260819T000612Z_test.html,D:\Project\fuwai\2026_sheng-fuwai\data-cleaning\storage\raw\lake_geodata_probe\20260819T000612Z_test.html,.html,65,10c871489f8647d88c3c96379124f7a0931d0727e63ace93c836b3dca813fc92,duplicate,duplicate_checksum,utf-8-sig,not_applicable,,lake_geodata_probe/20260818T114755Z_test.html,not_applicable,2026-08-19T07:02:30Z,
lake_geodata_probe/20260819T000636Z_test.html,D:\Project\fuwai\2026_sheng-fuwai\data-cleaning\storage\raw\lake_geodata_probe\20260819T000636Z_test.html,.html,65,10c871489f8647d88c3c96379124f7a0931d0727e63ace93c836b3dca813fc92,duplicate,duplicate_checksum,utf-8-sig,not_applicable,,lake_geodata_probe/20260818T114755Z_test.html,not_applicable,2026-08-19T07:02:30Z,
lake_geodata_probe/20260819T001207Z_test.html,D:\Project\fuwai\2026_sheng-fuwai\data-cleaning\storage\raw\lake_geodata_probe\20260819T001207Z_test.html,.html,65,10c871489f8647d88c3c96379124f7a0931d0727e63ace93c836b3dca813fc92,duplicate,duplicate_checksum,utf-8-sig,not_applicable,,lake_geodata_probe/20260818T114755Z_test.html,not_applicable,2026-08-19T07:02:30Z,
lake_geodata_probe/20260819T001851Z_test.html,D:\Project\fuwai\2026_sheng-fuwai\data-cleaning\storage\raw\lake_geodata_probe\20260819T001851Z_test.html,.html,65,10c871489f8647d88c3c96379124f7a0931d0727e63ace93c836b3dca813fc92,duplicate,duplicate_checksum,utf-8-sig,not_applicable,,lake_geodata_probe/20260818T114755Z_test.html,not_applicable,2026-08-19T07:02:30Z,
lake_geodata_probe/20260819T001920Z_test.html,D:\Project\fuwai\2026_sheng-fuwai\data-cleaning\storage\raw\lake_geodata_probe\20260819T001920Z_test.html,.html,65,10c871489f8647d88c3c96379124f7a0931d0727e63ace93c836b3dca813fc92,duplicate,duplicate_checksum,utf-8-sig,not_applicable,,lake_geodata_probe/20260818T114755Z_test.html,not_applicable,2026-08-19T07:02:30Z,
lake_geodata_probe/20260819T014114Z_test.html,D:\Project\fuwai\2026_sheng-fuwai\data-cleaning\storage\raw\lake_geodata_probe\20260819T014114Z_test.html,.html,65,10c871489f8647d88c3c96379124f7a0931d0727e63ace93c836b3dca813fc92,duplicate,duplicate_checksum,utf-8-sig,not_applicable,,lake_geodata_probe/20260818T114755Z_test.html,not_applicable,2026-08-19T07:02:30Z,
lake_geodata_probe/20260819T014147Z_test.html,D:\Project\fuwai\2026_sheng-fuwai\data-cleaning\storage\raw\lake_geodata_probe\20260819T014147Z_test.html,.html,65,10c871489f8647d88c3c96379124f7a0931d0727e63ace93c836b3dca813fc92,duplicate,duplicate_checksum,utf-8-sig,not_applicable,,lake_geodata_probe/20260818T114755Z_test.html,not_applicable,2026-08-19T07:02:30Z,
lake_geodata_probe/20260819T014226Z_test.html,D:\Project\fuwai\2026_sheng-fuwai\data-cleaning\storage\raw\lake_geodata_probe\20260819T014226Z_test.html,.html,65,10c871489f8647d88c3c96379124f7a0931d0727e63ace93c836b3dca813fc92,duplicate,duplicate_checksum,utf-8-sig,not_applicable,,lake_geodata_probe/20260818T114755Z_test.html,not_applicable,2026-08-19T07:02:30Z,
lake_geodata_probe/20260819T014746Z_test.html,D:\Project\fuwai\2026_sheng-fuwai\data-cleaning\storage\raw\lake_geodata_probe\20260819T014746Z_test.html,.html,65,10c871489f8647d88c3c96379124f7a0931d0727e63ace93c836b3dca813fc92,duplicate,duplicate_checksum,utf-8-sig,not_applicable,,lake_geodata_probe/20260818T114755Z_test.html,not_applicable,2026-08-19T07:02:30Z,
lake_geodata_probe/20260819T014905Z_test.html,D:\Project\fuwai\2026_sheng-fuwai\data-cleaning\storage\raw\lake_geodata_probe\20260819T014905Z_test.html,.html,65,10c871489f8647d88c3c96379124f7a0931d0727e63ace93c836b3dca813fc92,duplicate,duplicate_checksum,utf-8-sig,not_applicable,,lake_geodata_probe/20260818T114755Z_test.html,not_applicable,2026-08-19T07:02:30Z,
lake_geodata_probe/20260819T021314Z_test.html,D:\Project\fuwai\2026_sheng-fuwai\data-cleaning\storage\raw\lake_geodata_probe\20260819T021314Z_test.html,.html,65,10c871489f8647d88c3c96379124f7a0931d0727e63ace93c836b3dca813fc92,duplicate,duplicate_checksum,utf-8-sig,not_applicable,,lake_geodata_probe/20260818T114755Z_test.html,not_applicable,2026-08-19T07:02:30Z,
lake_geodata_probe/20260819T022334Z_test.html,D:\Project\fuwai\2026_sheng-fuwai\data-cleaning\storage\raw\lake_geodata_probe\20260819T022334Z_test.html,.html,65,10c871489f8647d88c3c96379124f7a0931d0727e63ace93c836b3dca813fc92,duplicate,duplicate_checksum,utf-8-sig,not_applicable,,lake_geodata_probe/20260818T114755Z_test.html,not_applicable,2026-08-19T07:02:30Z,
lake_geodata_probe/20260819T022456Z_test.html,D:\Project\fuwai\2026_sheng-fuwai\data-cleaning\storage\raw\lake_geodata_probe\20260819T022456Z_test.html,.html,65,10c871489f8647d88c3c96379124f7a0931d0727e63ace93c836b3dca813fc92,duplicate,duplicate_checksum,utf-8-sig,not_applicable,,lake_geodata_probe/20260818T114755Z_test.html,not_applicable,2026-08-19T07:02:30Z,
lake_geodata_probe/20260819T023134Z_test.html,D:\Project\fuwai\2026_sheng-fuwai\data-cleaning\storage\raw\lake_geodata_probe\20260819T023134Z_test.html,.html,65,10c871489f8647d88c3c96379124f7a0931d0727e63ace93c836b3dca813fc92,duplicate,duplicate_checksum,utf-8-sig,not_applicable,,lake_geodata_probe/20260818T114755Z_test.html,not_applicable,2026-08-19T07:02:30Z,
lake_geodata_probe/20260819T025414Z_test.html,D:\Project\fuwai\2026_sheng-fuwai\data-cleaning\storage\raw\lake_geodata_probe\20260819T025414Z_test.html,.html,65,10c871489f8647d88c3c96379124f7a0931d0727e63ace93c836b3dca813fc92,duplicate,duplicate_checksum,utf-8-sig,not_applicable,,lake_geodata_probe/20260818T114755Z_test.html,not_applicable,2026-08-19T07:02:30Z,
lake_geodata_probe/20260819T025639Z_test.html,D:\Project\fuwai\2026_sheng-fuwai\data-cleaning\storage\raw\lake_geodata_probe\20260819T025639Z_test.html,.html,65,10c871489f8647d88c3c96379124f7a0931d0727e63ace93c836b3dca813fc92,duplicate,duplicate_checksum,utf-8-sig,not_applicable,,lake_geodata_probe/20260818T114755Z_test.html,not_applicable,2026-08-19T07:02:30Z,
lake_geodata_probe/20260819T030052Z_test.html,D:\Project\fuwai\2026_sheng-fuwai\data-cleaning\storage\raw\lake_geodata_probe\20260819T030052Z_test.html,.html,65,10c871489f8647d88c3c96379124f7a0931d0727e63ace93c836b3dca813fc92,duplicate,duplicate_checksum,utf-8-sig,not_applicable,,lake_geodata_probe/20260818T114755Z_test.html,not_applicable,2026-08-19T07:02:30Z,
lake_geodata_probe/20260819T031157Z_test.html,D:\Project\fuwai\2026_sheng-fuwai\data-cleaning\storage\raw\lake_geodata_probe\20260819T031157Z_test.html,.html,65,10c871489f8647d88c3c96379124f7a0931d0727e63ace93c836b3dca813fc92,duplicate,duplicate_checksum,utf-8-sig,not_applicable,,lake_geodata_probe/20260818T114755Z_test.html,not_applicable,2026-08-19T07:02:30Z,
lake_geodata_probe/20260819T032916Z_test.html,D:\Project\fuwai\2026_sheng-fuwai\data-cleaning\storage\raw\lake_geodata_probe\20260819T032916Z_test.html,.html,65,10c871489f8647d88c3c96379124f7a0931d0727e63ace93c836b3dca813fc92,duplicate,duplicate_checksum,utf-8-sig,not_applicable,,lake_geodata_probe/20260818T114755Z_test.html,not_applicable,2026-08-19T07:02:30Z,
lake_geodata_probe/20260819T033003Z_test.html,D:\Project\fuwai\2026_sheng-fuwai\data-cleaning\storage\raw\lake_geodata_probe\20260819T033003Z_test.html,.html,65,10c871489f8647d88c3c96379124f7a0931d0727e63ace93c836b3dca813fc92,duplicate,duplicate_checksum,utf-8-sig,not_applicable,,lake_geodata_probe/20260818T114755Z_test.html,not_applicable,2026-08-19T07:02:30Z,
lake_geodata_probe/20260819T033615Z_test.html,D:\Project\fuwai\2026_sheng-fuwai\data-cleaning\storage\raw\lake_geodata_probe\20260819T033615Z_test.html,.html,65,10c871489f8647d88c3c96379124f7a0931d0727e63ace93c836b3dca813fc92,duplicate,duplicate_checksum,utf-8-sig,not_applicable,,lake_geodata_probe/20260818T114755Z_test.html,not_applicable,2026-08-19T07:02:30Z,
lake_geodata_probe/20260819T034249Z_test.html,D:\Project\fuwai\2026_sheng-fuwai\data-cleaning\storage\raw\lake_geodata_probe\20260819T034249Z_test.html,.html,65,10c871489f8647d88c3c96379124f7a0931d0727e63ace93c836b3dca813fc92,duplicate,duplicate_checksum,utf-8-sig,not_applicable,,lake_geodata_probe/20260818T114755Z_test.html,not_applicable,2026-08-19T07:02:30Z,
lake_geodata_probe/20260819T040144Z_test.html,D:\Project\fuwai\2026_sheng-fuwai\data-cleaning\storage\raw\lake_geodata_probe\20260819T040144Z_test.html,.html,65,10c871489f8647d88c3c96379124f7a0931d0727e63ace93c836b3dca813fc92,duplicate,duplicate_checksum,utf-8-sig,not_applicable,,lake_geodata_probe/20260818T114755Z_test.html,not_applicable,2026-08-19T07:02:30Z,
lake_geodata_probe/20260819T040249Z_test.html,D:\Project\fuwai\2026_sheng-fuwai\data-cleaning\storage\raw\lake_geodata_probe\20260819T040249Z_test.html,.html,65,10c871489f8647d88c3c96379124f7a0931d0727e63ace93c836b3dca813fc92,duplicate,duplicate_checksum,utf-8-sig,not_applicable,,lake_geodata_probe/20260818T114755Z_test.html,not_applicable,2026-08-19T07:02:30Z,
lake_geodata_probe/20260819T040430Z_test.html,D:\Project\fuwai\2026_sheng-fuwai\data-cleaning\storage\raw\lake_geodata_probe\20260819T040430Z_test.html,.html,65,10c871489f8647d88c3c96379124f7a0931d0727e63ace93c836b3dca813fc92,duplicate,duplicate_checksum,utf-8-sig,not_applicable,,lake_geodata_probe/20260818T114755Z_test.html,not_applicable,2026-08-19T07:02:30Z,
lake_geodata_probe/20260819T041016Z_test.html,D:\Project\fuwai\2026_sheng-fuwai\data-cleaning\storage\raw\lake_geodata_probe\20260819T041016Z_test.html,.html,65,10c871489f8647d88c3c96379124f7a0931d0727e63ace93c836b3dca813fc92,duplicate,duplicate_checksum,utf-8-sig,not_applicable,,lake_geodata_probe/20260818T114755Z_test.html,not_applicable,2026-08-19T07:02:30Z,
lake_geodata_probe/20260819T041726Z_test.html,D:\Project\fuwai\2026_sheng-fuwai\data-cleaning\storage\raw\lake_geodata_probe\20260819T041726Z_test.html,.html,65,10c871489f8647d88c3c96379124f7a0931d0727e63ace93c836b3dca813fc92,duplicate,duplicate_checksum,utf-8-sig,not_applicable,,lake_geodata_probe/20260818T114755Z_test.html,not_applicable,2026-08-19T07:02:30Z,
lake_geodata_probe/20260819T042321Z_test.html,D:\Project\fuwai\2026_sheng-fuwai\data-cleaning\storage\raw\lake_geodata_probe\20260819T042321Z_test.html,.html,65,10c871489f8647d88c3c96379124f7a0931d0727e63ace93c836b3dca813fc92,duplicate,duplicate_checksum,utf-8-sig,not_applicable,,lake_geodata_probe/20260818T114755Z_test.html,not_applicable,2026-08-19T07:02:30Z,
lake_geodata_probe/20260819T043300Z_test.html,D:\Project\fuwai\2026_sheng-fuwai\data-cleaning\storage\raw\lake_geodata_probe\20260819T043300Z_test.html,.html,65,10c871489f8647d88c3c96379124f7a0931d0727e63ace93c836b3dca813fc92,duplicate,duplicate_checksum,utf-8-sig,not_applicable,,lake_geodata_probe/20260818T114755Z_test.html,not_applicable,2026-08-19T07:02:30Z,
lake_geodata_probe/20260819T043316Z_test.html,D:\Project\fuwai\2026_sheng-fuwai\data-cleaning\storage\raw\lake_geodata_probe\20260819T043316Z_test.html,.html,65,10c871489f8647d88c3c96379124f7a0931d0727e63ace93c836b3dca813fc92,duplicate,duplicate_checksum,utf-8-sig,not_applicable,,lake_geodata_probe/20260818T114755Z_test.html,not_applicable,2026-08-19T07:02:30Z,
lake_geodata_probe/20260819T043340Z_test.html,D:\Project\fuwai\2026_sheng-fuwai\data-cleaning\storage\raw\lake_geodata_probe\20260819T043340Z_test.html,.html,65,10c871489f8647d88c3c96379124f7a0931d0727e63ace93c836b3dca813fc92,duplicate,duplicate_checksum,utf-8-sig,not_applicable,,lake_geodata_probe/20260818T114755Z_test.html,not_applicable,2026-08-19T07:02:30Z,
lake_geodata_probe/20260819T043455Z_test.html,D:\Project\fuwai\2026_sheng-fuwai\data-cleaning\storage\raw\lake_geodata_probe\20260819T043455Z_test.html,.html,65,10c871489f8647d88c3c96379124f7a0931d0727e63ace93c836b3dca813fc92,duplicate,duplicate_checksum,utf-8-sig,not_applicable,,lake_geodata_probe/20260818T114755Z_test.html,not_applicable,2026-08-19T07:02:30Z,
lake_geodata_probe/20260819T043511Z_test.html,D:\Project\fuwai\2026_sheng-fuwai\data-cleaning\storage\raw\lake_geodata_probe\20260819T043511Z_test.html,.html,65,10c871489f8647d88c3c96379124f7a0931d0727e63ace93c836b3dca813fc92,duplicate,duplicate_checksum,utf-8-sig,not_applicable,,lake_geodata_probe/20260818T114755Z_test.html,not_applicable,2026-08-19T07:02:30Z,
lake_geodata_probe/20260819T043556Z_test.html,D:\Project\fuwai\2026_sheng-fuwai\data-cleaning\storage\raw\lake_geodata_probe\20260819T043556Z_test.html,.html,65,10c871489f8647d88c3c96379124f7a0931d0727e63ace93c836b3dca813fc92,duplicate,duplicate_checksum,utf-8-sig,not_applicable,,lake_geodata_probe/20260818T114755Z_test.html,not_applicable,2026-08-19T07:02:30Z,
lake_geodata_probe/20260819T043618Z_test.html,D:\Project\fuwai\2026_sheng-fuwai\data-cleaning\storage\raw\lake_geodata_probe\20260819T043618Z_test.html,.html,65,10c871489f8647d88c3c96379124f7a0931d0727e63ace93c836b3dca813fc92,duplicate,duplicate_checksum,utf-8-sig,not_applicable,,lake_geodata_probe/20260818T114755Z_test.html,not_applicable,2026-08-19T07:02:30Z,
lake_geodata_probe/20260819T044426Z_test.html,D:\Project\fuwai\2026_sheng-fuwai\data-cleaning\storage\raw\lake_geodata_probe\20260819T044426Z_test.html,.html,65,10c871489f8647d88c3c96379124f7a0931d0727e63ace93c836b3dca813fc92,duplicate,duplicate_checksum,utf-8-sig,not_applicable,,lake_geodata_probe/20260818T114755Z_test.html,not_applicable,2026-08-19T07:02:30Z,
lake_geodata_probe/20260819T044448Z_test.html,D:\Project\fuwai\2026_sheng-fuwai\data-cleaning\storage\raw\lake_geodata_probe\20260819T044448Z_test.html,.html,65,10c871489f8647d88c3c96379124f7a0931d0727e63ace93c836b3dca813fc92,duplicate,duplicate_checksum,utf-8-sig,not_applicable,,lake_geodata_probe/20260818T114755Z_test.html,not_applicable,2026-08-19T07:02:30Z,
lake_geodata_probe/20260819T045302Z_test.html,D:\Project\fuwai\2026_sheng-fuwai\data-cleaning\storage\raw\lake_geodata_probe\20260819T045302Z_test.html,.html,65,10c871489f8647d88c3c96379124f7a0931d0727e63ace93c836b3dca813fc92,duplicate,duplicate_checksum,utf-8-sig,not_applicable,,lake_geodata_probe/20260818T114755Z_test.html,not_applicable,2026-08-19T07:02:30Z,
lake_geodata_probe/20260819T050617Z_test.html,D:\Project\fuwai\2026_sheng-fuwai\data-cleaning\storage\raw\lake_geodata_probe\20260819T050617Z_test.html,.html,65,10c871489f8647d88c3c96379124f7a0931d0727e63ace93c836b3dca813fc92,duplicate,duplicate_checksum,utf-8-sig,not_applicable,,lake_geodata_probe/20260818T114755Z_test.html,not_applicable,2026-08-19T07:02:30Z,
lake_geodata_probe/20260819T052510Z_test.html,D:\Project\fuwai\2026_sheng-fuwai\data-cleaning\storage\raw\lake_geodata_probe\20260819T052510Z_test.html,.html,65,10c871489f8647d88c3c96379124f7a0931d0727e63ace93c836b3dca813fc92,duplicate,duplicate_checksum,utf-8-sig,not_applicable,,lake_geodata_probe/20260818T114755Z_test.html,not_applicable,2026-08-19T07:02:30Z,
lake_geodata_probe/20260819T053442Z_test.html,D:\Project\fuwai\2026_sheng-fuwai\data-cleaning\storage\raw\lake_geodata_probe\20260819T053442Z_test.html,.html,65,10c871489f8647d88c3c96379124f7a0931d0727e63ace93c836b3dca813fc92,duplicate,duplicate_checksum,utf-8-sig,not_applicable,,lake_geodata_probe/20260818T114755Z_test.html,not_applicable,2026-08-19T07:02:30Z,
lake_geodata_probe/20260819T054714Z_test.html,D:\Project\fuwai\2026_sheng-fuwai\data-cleaning\storage\raw\lake_geodata_probe\20260819T054714Z_test.html,.html,65,10c871489f8647d88c3c96379124f7a0931d0727e63ace93c836b3dca813fc92,duplicate,duplicate_checksum,utf-8-sig,not_applicable,,lake_geodata_probe/20260818T114755Z_test.html,not_applicable,2026-08-19T07:02:30Z,
lake_geodata_probe/20260819T055526Z_test.html,D:\Project\fuwai\2026_sheng-fuwai\data-cleaning\storage\raw\lake_geodata_probe\20260819T055526Z_test.html,.html,65,10c871489f8647d88c3c96379124f7a0931d0727e63ace93c836b3dca813fc92,duplicate,duplicate_checksum,utf-8-sig,not_applicable,,lake_geodata_probe/20260818T114755Z_test.html,not_applicable,2026-08-19T07:02:30Z,
lake_geodata_probe/20260819T062116Z_test.html,D:\Project\fuwai\2026_sheng-fuwai\data-cleaning\storage\raw\lake_geodata_probe\20260819T062116Z_test.html,.html,65,10c871489f8647d88c3c96379124f7a0931d0727e63ace93c836b3dca813fc92,duplicate,duplicate_checksum,utf-8-sig,not_applicable,,lake_geodata_probe/20260818T114755Z_test.html,not_applicable,2026-08-19T07:02:30Z,
lake_geodata_probe/20260819T062251Z_test.html,D:\Project\fuwai\2026_sheng-fuwai\data-cleaning\storage\raw\lake_geodata_probe\20260819T062251Z_test.html,.html,65,10c871489f8647d88c3c96379124f7a0931d0727e63ace93c836b3dca813fc92,duplicate,duplicate_checksum,utf-8-sig,not_applicable,,lake_geodata_probe/20260818T114755Z_test.html,not_applicable,2026-08-19T07:02:30Z,
lake_geodata_probe/20260819T062758Z_test.html,D:\Project\fuwai\2026_sheng-fuwai\data-cleaning\storage\raw\lake_geodata_probe\20260819T062758Z_test.html,.html,65,10c871489f8647d88c3c96379124f7a0931d0727e63ace93c836b3dca813fc92,duplicate,duplicate_checksum,utf-8-sig,not_applicable,,lake_geodata_probe/20260818T114755Z_test.html,not_applicable,2026-08-19T07:02:30Z,
lake_geodata_probe/20260819T063129Z_test.html,D:\Project\fuwai\2026_sheng-fuwai\data-cleaning\storage\raw\lake_geodata_probe\20260819T063129Z_test.html,.html,65,10c871489f8647d88c3c96379124f7a0931d0727e63ace93c836b3dca813fc92,duplicate,duplicate_checksum,utf-8-sig,not_applicable,,lake_geodata_probe/20260818T114755Z_test.html,not_applicable,2026-08-19T07:02:30Z,
lake_geodata_probe/20260819T064500Z_test.html,D:\Project\fuwai\2026_sheng-fuwai\data-cleaning\storage\raw\lake_geodata_probe\20260819T064500Z_test.html,.html,65,10c871489f8647d88c3c96379124f7a0931d0727e63ace93c836b3dca813fc92,duplicate,duplicate_checksum,utf-8-sig,not_applicable,,lake_geodata_probe/20260818T114755Z_test.html,not_applicable,2026-08-19T07:02:30Z,
lake_geodata_probe/20260819T064754Z_test.html,D:\Project\fuwai\2026_sheng-fuwai\data-cleaning\storage\raw\lake_geodata_probe\20260819T064754Z_test.html,.html,65,10c871489f8647d88c3c96379124f7a0931d0727e63ace93c836b3dca813fc92,duplicate,duplicate_checksum,utf-8-sig,not_applicable,,lake_geodata_probe/20260818T114755Z_test.html,not_applicable,2026-08-19T07:02:30Z,
lake_geodata_probe/20260819T065259Z_test.html,D:\Project\fuwai\2026_sheng-fuwai\data-cleaning\storage\raw\lake_geodata_probe\20260819T065259Z_test.html,.html,65,10c871489f8647d88c3c96379124f7a0931d0727e63ace93c836b3dca813fc92,duplicate,duplicate_checksum,utf-8-sig,not_applicable,,lake_geodata_probe/20260818T114755Z_test.html,not_applicable,2026-08-19T07:02:30Z,
meteorology/ecmwf_open_data/ecmwf_2026-08-18_18z_0-360h.grib2,D:\Project\fuwai\2026_sheng-fuwai\data-cleaning\storage\raw\meteorology\ecmwf_open_data\ecmwf_2026-08-18_18z_0-360h.grib2,.grib2,14370109,0b1ba26bf9ad33d5b4caf7bebd5fcf3fdba4d8d99e9f24cb27b91850120b1e68,ok,,,not_applicable,,,not_applicable,2026-08-19T07:02:30Z,
meteorology/noaa_gfs/gfs_2026-08-18_18z_f000.grib2,D:\Project\fuwai\2026_sheng-fuwai\data-cleaning\storage\raw\meteorology\noaa_gfs\gfs_2026-08-18_18z_f000.grib2,.grib2,149501972,ede33d14a31b74a9a61f1552b7a33cecb5b3092df880aa0a63fbf77772d44aff,ok,,,not_applicable,,,not_applicable,2026-08-19T07:02:30Z,
meteorology/noaa_gfs/gfs_2026-08-18_18z_f000_subset.grib2,D:\Project\fuwai\2026_sheng-fuwai\data-cleaning\storage\raw\meteorology\noaa_gfs\gfs_2026-08-18_18z_f000_subset.grib2,.grib2,4876005,d4daeef7ed236a6e24b08febcb075fd361763166c0207a507babe3af6c69ce68,ok,,,not_applicable,,,not_applicable,2026-08-19T07:02:30Z,
meteorology/noaa_gfs/gfs_2026-08-18_18z_f000_taihu_subset.grib2,D:\Project\fuwai\2026_sheng-fuwai\data-cleaning\storage\raw\meteorology\noaa_gfs\gfs_2026-08-18_18z_f000_taihu_subset.grib2,.grib2,1149,b6b35d9dc7775478cba318ff7a0d9577cb394285b09c2848d8edfcae5bef7bd1,ok,,,not_applicable,,,not_applicable,2026-08-19T07:02:30Z,
meteorology/noaa_gfs/gfs_2026-08-18_18z_f006_subset.grib2,D:\Project\fuwai\2026_sheng-fuwai\data-cleaning\storage\raw\meteorology\noaa_gfs\gfs_2026-08-18_18z_f006_subset.grib2,.grib2,7502247,e4d0cea33219a88ab375a89177a6befb2bd35211632912ad8c94760bb6c729bd,ok,,,not_applicable,,,not_applicable,2026-08-19T07:02:30Z,
meteorology/noaa_gfs/gfs_2026-08-18_18z_f006_taihu_subset.grib2,D:\Project\fuwai\2026_sheng-fuwai\data-cleaning\storage\raw\meteorology\noaa_gfs\gfs_2026-08-18_18z_f006_taihu_subset.grib2,.grib2,1986,88d35f3f6612cc4a46cd171fceb298e0734677d9a5896fb683685bc6e233c7d0,ok,,,not_applicable,,,not_applicable,2026-08-19T07:02:30Z,
meteorology/noaa_gfs/gfs_2026-08-18_18z_f012_subset.grib2,D:\Project\fuwai\2026_sheng-fuwai\data-cleaning\storage\raw\meteorology\noaa_gfs\gfs_2026-08-18_18z_f012_subset.grib2,.grib2,7555134,096fd761e5a13319d8d60cf4bdb2aadd31b31f65b6ff20d347eed413e2c128fa,ok,,,not_applicable,,,not_applicable,2026-08-19T07:02:30Z,
meteorology/noaa_gfs/gfs_2026-08-18_18z_f012_taihu_subset.grib2,D:\Project\fuwai\2026_sheng-fuwai\data-cleaning\storage\raw\meteorology\noaa_gfs\gfs_2026-08-18_18z_f012_taihu_subset.grib2,.grib2,1992,fe7e2bd85db1f4f2391ffbd98ca0c554c85458ec64c9614e6e8b114f66ecfd69,ok,,,not_applicable,,,not_applicable,2026-08-19T07:02:30Z,
meteorology/noaa_gfs/gfs_2026-08-18_18z_f018_subset.grib2,D:\Project\fuwai\2026_sheng-fuwai\data-cleaning\storage\raw\meteorology\noaa_gfs\gfs_2026-08-18_18z_f018_subset.grib2,.grib2,7611644,8daeba7c49a9de34192266c8d3c3cb3f4ddd244dce8c93bdffd20f8ca2defb7d,ok,,,not_applicable,,,not_applicable,2026-08-19T07:02:30Z,
meteorology/noaa_gfs/gfs_2026-08-18_18z_f018_taihu_subset.grib2,D:\Project\fuwai\2026_sheng-fuwai\data-cleaning\storage\raw\meteorology\noaa_gfs\gfs_2026-08-18_18z_f018_taihu_subset.grib2,.grib2,2001,66353d7a4baf1bb96b1e698f9147a04f589adcf70642fecd4fb04ed379d44964,ok,,,not_applicable,,,not_applicable,2026-08-19T07:02:30Z,
meteorology/noaa_gfs/gfs_2026-08-18_18z_f024_subset.grib2,D:\Project\fuwai\2026_sheng-fuwai\data-cleaning\storage\raw\meteorology\noaa_gfs\gfs_2026-08-18_18z_f024_subset.grib2,.grib2,7631561,8c8e1ef9f41b7f9ad850a7f7b46ed1ed7a12b4655647df637d8907d2466258fb,ok,,,not_applicable,,,not_applicable,2026-08-19T07:02:30Z,
meteorology/noaa_gfs/gfs_2026-08-18_18z_f024_taihu_subset.grib2,D:\Project\fuwai\2026_sheng-fuwai\data-cleaning\storage\raw\meteorology\noaa_gfs\gfs_2026-08-18_18z_f024_taihu_subset.grib2,.grib2,1981,f6fbe220ae59192e91c616b00a5a8201734b05c9bbc0264e400ff2400195ad47,ok,,,not_applicable,,,not_applicable,2026-08-19T07:02:30Z,
meteorology/noaa_gfs/gfs_2026-08-18_18z_f030_subset.grib2,D:\Project\fuwai\2026_sheng-fuwai\data-cleaning\storage\raw\meteorology\noaa_gfs\gfs_2026-08-18_18z_f030_subset.grib2,.grib2,7658690,ffbe5fb26a6f682c6896586941506ae51f608c14f00069f7aab1225af096c021,ok,,,not_applicable,,,not_applicable,2026-08-19T07:02:30Z,
meteorology/noaa_gfs/gfs_2026-08-18_18z_f030_taihu_subset.grib2,D:\Project\fuwai\2026_sheng-fuwai\data-cleaning\storage\raw\meteorology\noaa_gfs\gfs_2026-08-18_18z_f030_taihu_subset.grib2,.grib2,1991,b9de5e54dd6a6e2d0c5d9439fde74c340b7d620c5692b68a8687c5a188389e40,ok,,,not_applicable,,,not_applicable,2026-08-19T07:02:30Z,
meteorology/noaa_gfs/gfs_2026-08-18_18z_f036_subset.grib2,D:\Project\fuwai\2026_sheng-fuwai\data-cleaning\storage\raw\meteorology\noaa_gfs\gfs_2026-08-18_18z_f036_subset.grib2,.grib2,7675354,6396d3791b3d970023d9012e2bcb7612569673f487c684b7cff39c7fa8f66c1e,ok,,,not_applicable,,,not_applicable,2026-08-19T07:02:30Z,
meteorology/noaa_gfs/gfs_2026-08-18_18z_f036_taihu_subset.grib2,D:\Project\fuwai\2026_sheng-fuwai\data-cleaning\storage\raw\meteorology\noaa_gfs\gfs_2026-08-18_18z_f036_taihu_subset.grib2,.grib2,2010,02fe2cd1a2ce6fa77e289b29d7ef1e533ad4c8ba1442623b1d6b58e70ea444b0,ok,,,not_applicable,,,not_applicable,2026-08-19T07:02:30Z,
meteorology/noaa_gfs/gfs_2026-08-18_18z_f042_subset.grib2,D:\Project\fuwai\2026_sheng-fuwai\data-cleaning\storage\raw\meteorology\noaa_gfs\gfs_2026-08-18_18z_f042_subset.grib2,.grib2,7710883,b951bb44528fbf58b0271943c4413afb797031d4858dfbba89868fe7e2604eb6,ok,,,not_applicable,,,not_applicable,2026-08-19T07:02:30Z,
meteorology/noaa_gfs/gfs_2026-08-18_18z_f042_taihu_subset.grib2,D:\Project\fuwai\2026_sheng-fuwai\data-cleaning\storage\raw\meteorology\noaa_gfs\gfs_2026-08-18_18z_f042_taihu_subset.grib2,.grib2,2013,783ca32406585e63a9a5b4c12bd8a34104fa6ceac81ef4732a693cae2395e33c,ok,,,not_applicable,,,not_applicable,2026-08-19T07:02:30Z,
meteorology/noaa_gfs/gfs_2026-08-18_18z_f048_subset.grib2,D:\Project\fuwai\2026_sheng-fuwai\data-cleaning\storage\raw\meteorology\noaa_gfs\gfs_2026-08-18_18z_f048_subset.grib2,.grib2,7790822,42e5310d5113883b5ed546a3fdfbdb2a8103f5eb37084d2d15ab4dfed5f89b68,ok,,,not_applicable,,,not_applicable,2026-08-19T07:02:30Z,
meteorology/noaa_gfs/gfs_2026-08-18_18z_f048_taihu_subset.grib2,D:\Project\fuwai\2026_sheng-fuwai\data-cleaning\storage\raw\meteorology\noaa_gfs\gfs_2026-08-18_18z_f048_taihu_subset.grib2,.grib2,1989,963ec38660f5e5951131b106f4893fbde1e008483d658f97851cb5d6b6b7af8f,ok,,,not_applicable,,,not_applicable,2026-08-19T07:02:30Z,
meteorology/noaa_gfs/gfs_2026-08-18_18z_f054_subset.grib2,D:\Project\fuwai\2026_sheng-fuwai\data-cleaning\storage\raw\meteorology\noaa_gfs\gfs_2026-08-18_18z_f054_subset.grib2,.grib2,7800503,8518b531cb745475d4e2bf30fbc1e10a669ef792a0a5e23fcd2f11465cab6926,ok,,,not_applicable,,,not_applicable,2026-08-19T07:02:30Z,
meteorology/noaa_gfs/gfs_2026-08-18_18z_f054_taihu_subset.grib2,D:\Project\fuwai\2026_sheng-fuwai\data-cleaning\storage\raw\meteorology\noaa_gfs\gfs_2026-08-18_18z_f054_taihu_subset.grib2,.grib2,1999,637d10843ee56cebd2fe26d399bf67869b3fd741ce9e3c38a1924d1728d35af8,ok,,,not_applicable,,,not_applicable,2026-08-19T07:02:30Z,
meteorology/noaa_gfs/gfs_2026-08-18_18z_f060_subset.grib2,D:\Project\fuwai\2026_sheng-fuwai\data-cleaning\storage\raw\meteorology\noaa_gfs\gfs_2026-08-18_18z_f060_subset.grib2,.grib2,7735434,6e04bc2b6e297d334e3e16a0aed1a4115a7176357d6eecda21498fd6800df708,ok,,,not_applicable,,,not_applicable,2026-08-19T07:02:30Z,
meteorology/noaa_gfs/gfs_2026-08-18_18z_f060_taihu_subset.grib2,D:\Project\fuwai\2026_sheng-fuwai\data-cleaning\storage\raw\meteorology\noaa_gfs\gfs_2026-08-18_18z_f060_taihu_subset.grib2,.grib2,2012,4ba1718de380fc1c7d2db6aa690a34bc3fa4fe2402c28e6452a7e372c101e825,ok,,,not_applicable,,,not_applicable,2026-08-19T07:02:30Z,
meteorology/noaa_gfs/gfs_2026-08-18_18z_f066_subset.grib2,D:\Project\fuwai\2026_sheng-fuwai\data-cleaning\storage\raw\meteorology\noaa_gfs\gfs_2026-08-18_18z_f066_subset.grib2,.grib2,7751471,cd9296540a78e37998105b4f8f79a475dc349ecf71e8acb4645629874df9a191,ok,,,not_applicable,,,not_applicable,2026-08-19T07:02:30Z,
meteorology/noaa_gfs/gfs_2026-08-18_18z_f066_taihu_subset.grib2,D:\Project\fuwai\2026_sheng-fuwai\data-cleaning\storage\raw\meteorology\noaa_gfs\gfs_2026-08-18_18z_f066_taihu_subset.grib2,.grib2,2010,2d5867c33f136f2071e76203094af5203af7cbb15658092f0e092bb0904797ce,ok,,,not_applicable,,,not_applicable,2026-08-19T07:02:30Z,
meteorology/noaa_gfs/gfs_2026-08-18_18z_f072_subset.grib2,D:\Project\fuwai\2026_sheng-fuwai\data-cleaning\storage\raw\meteorology\noaa_gfs\gfs_2026-08-18_18z_f072_subset.grib2,.grib2,7780617,729eb30d77ef58d6a00cc9b2cb444c54685ac63a533dcbd579974ee41f354392,ok,,,not_applicable,,,not_applicable,2026-08-19T07:02:30Z,
meteorology/noaa_gfs/gfs_2026-08-18_18z_f072_taihu_subset.grib2,D:\Project\fuwai\2026_sheng-fuwai\data-cleaning\storage\raw\meteorology\noaa_gfs\gfs_2026-08-18_18z_f072_taihu_subset.grib2,.grib2,1988,1a71e9e973d1f88ce7e28c25422cf1ee1636b3dfa63acd734abb34cd9c7e172d,ok,,,not_applicable,,,not_applicable,2026-08-19T07:02:30Z,
mwr_hfc/20260819T044426Z.csv,D:\Project\fuwai\2026_sheng-fuwai\data-cleaning\storage\raw\mwr_hfc\20260819T044426Z.csv,.csv,71,5580b682abbad98bb65ecec6b40502ec7d5714cfce2904f92bac041f617d5cf5,ok,,utf-8-sig,valid,1,,not_applicable,2026-08-19T07:02:30Z,
mwr_hfc/20260819T044450Z.csv,D:\Project\fuwai\2026_sheng-fuwai\data-cleaning\storage\raw\mwr_hfc\20260819T044450Z.csv,.csv,71,5580b682abbad98bb65ecec6b40502ec7d5714cfce2904f92bac041f617d5cf5,duplicate,duplicate_checksum,utf-8-sig,valid,1,mwr_hfc/20260819T044426Z.csv,not_applicable,2026-08-19T07:02:30Z,
mwr_hfc/20260819T045226Z.csv,D:\Project\fuwai\2026_sheng-fuwai\data-cleaning\storage\raw\mwr_hfc\20260819T045226Z.csv,.csv,71,5580b682abbad98bb65ecec6b40502ec7d5714cfce2904f92bac041f617d5cf5,duplicate,duplicate_checksum,utf-8-sig,valid,1,mwr_hfc/20260819T044426Z.csv,not_applicable,2026-08-19T07:02:30Z,
mwr_hfc/20260819T045238Z.csv,D:\Project\fuwai\2026_sheng-fuwai\data-cleaning\storage\raw\mwr_hfc\20260819T045238Z.csv,.csv,71,5580b682abbad98bb65ecec6b40502ec7d5714cfce2904f92bac041f617d5cf5,duplicate,duplicate_checksum,utf-8-sig,valid,1,mwr_hfc/20260819T044426Z.csv,not_applicable,2026-08-19T07:02:30Z,
mwr_hfc/20260819T045304Z.csv,D:\Project\fuwai\2026_sheng-fuwai\data-cleaning\storage\raw\mwr_hfc\20260819T045304Z.csv,.csv,71,5580b682abbad98bb65ecec6b40502ec7d5714cfce2904f92bac041f617d5cf5,duplicate,duplicate_checksum,utf-8-sig,valid,1,mwr_hfc/20260819T044426Z.csv,not_applicable,2026-08-19T07:02:30Z,
mwr_hfc/20260819T050619Z.csv,D:\Project\fuwai\2026_sheng-fuwai\data-cleaning\storage\raw\mwr_hfc\20260819T050619Z.csv,.csv,71,5580b682abbad98bb65ecec6b40502ec7d5714cfce2904f92bac041f617d5cf5,duplicate,duplicate_checksum,utf-8-sig,valid,1,mwr_hfc/20260819T044426Z.csv,not_applicable,2026-08-19T07:02:30Z,
mwr_hfc/20260819T052512Z.csv,D:\Project\fuwai\2026_sheng-fuwai\data-cleaning\storage\raw\mwr_hfc\20260819T052512Z.csv,.csv,71,5580b682abbad98bb65ecec6b40502ec7d5714cfce2904f92bac041f617d5cf5,duplicate,duplicate_checksum,utf-8-sig,valid,1,mwr_hfc/20260819T044426Z.csv,not_applicable,2026-08-19T07:02:30Z,
mwr_hfc/20260819T053443Z.csv,D:\Project\fuwai\2026_sheng-fuwai\data-cleaning\storage\raw\mwr_hfc\20260819T053443Z.csv,.csv,71,5580b682abbad98bb65ecec6b40502ec7d5714cfce2904f92bac041f617d5cf5,duplicate,duplicate_checksum,utf-8-sig,valid,1,mwr_hfc/20260819T044426Z.csv,not_applicable,2026-08-19T07:02:30Z,
mwr_hfc/20260819T054715Z.csv,D:\Project\fuwai\2026_sheng-fuwai\data-cleaning\storage\raw\mwr_hfc\20260819T054715Z.csv,.csv,71,5580b682abbad98bb65ecec6b40502ec7d5714cfce2904f92bac041f617d5cf5,duplicate,duplicate_checksum,utf-8-sig,valid,1,mwr_hfc/20260819T044426Z.csv,not_applicable,2026-08-19T07:02:30Z,
mwr_hfc/20260819T055528Z.csv,D:\Project\fuwai\2026_sheng-fuwai\data-cleaning\storage\raw\mwr_hfc\20260819T055528Z.csv,.csv,71,5580b682abbad98bb65ecec6b40502ec7d5714cfce2904f92bac041f617d5cf5,duplicate,duplicate_checksum,utf-8-sig,valid,1,mwr_hfc/20260819T044426Z.csv,not_applicable,2026-08-19T07:02:30Z,
mwr_hfc/20260819T062118Z.csv,D:\Project\fuwai\2026_sheng-fuwai\data-cleaning\storage\raw\mwr_hfc\20260819T062118Z.csv,.csv,71,5580b682abbad98bb65ecec6b40502ec7d5714cfce2904f92bac041f617d5cf5,duplicate,duplicate_checksum,utf-8-sig,valid,1,mwr_hfc/20260819T044426Z.csv,not_applicable,2026-08-19T07:02:30Z,
mwr_hfc/20260819T062253Z.csv,D:\Project\fuwai\2026_sheng-fuwai\data-cleaning\storage\raw\mwr_hfc\20260819T062253Z.csv,.csv,71,5580b682abbad98bb65ecec6b40502ec7d5714cfce2904f92bac041f617d5cf5,duplicate,duplicate_checksum,utf-8-sig,valid,1,mwr_hfc/20260819T044426Z.csv,not_applicable,2026-08-19T07:02:30Z,
mwr_hfc/20260819T062800Z.csv,D:\Project\fuwai\2026_sheng-fuwai\data-cleaning\storage\raw\mwr_hfc\20260819T062800Z.csv,.csv,71,5580b682abbad98bb65ecec6b40502ec7d5714cfce2904f92bac041f617d5cf5,duplicate,duplicate_checksum,utf-8-sig,valid,1,mwr_hfc/20260819T044426Z.csv,not_applicable,2026-08-19T07:02:30Z,
mwr_hfc/20260819T063130Z.csv,D:\Project\fuwai\2026_sheng-fuwai\data-cleaning\storage\raw\mwr_hfc\20260819T063130Z.csv,.csv,71,5580b682abbad98bb65ecec6b40502ec7d5714cfce2904f92bac041f617d5cf5,duplicate,duplicate_checksum,utf-8-sig,valid,1,mwr_hfc/20260819T044426Z.csv,not_applicable,2026-08-19T07:02:30Z,
mwr_hfc/20260819T064501Z.csv,D:\Project\fuwai\2026_sheng-fuwai\data-cleaning\storage\raw\mwr_hfc\20260819T064501Z.csv,.csv,71,5580b682abbad98bb65ecec6b40502ec7d5714cfce2904f92bac041f617d5cf5,duplicate,duplicate_checksum,utf-8-sig,valid,1,mwr_hfc/20260819T044426Z.csv,not_applicable,2026-08-19T07:02:30Z,
mwr_hfc/20260819T064756Z.csv,D:\Project\fuwai\2026_sheng-fuwai\data-cleaning\storage\raw\mwr_hfc\20260819T064756Z.csv,.csv,71,5580b682abbad98bb65ecec6b40502ec7d5714cfce2904f92bac041f617d5cf5,duplicate,duplicate_checksum,utf-8-sig,valid,1,mwr_hfc/20260819T044426Z.csv,not_applicable,2026-08-19T07:02:30Z,
mwr_hfc/20260819T065301Z.csv,D:\Project\fuwai\2026_sheng-fuwai\data-cleaning\storage\raw\mwr_hfc\20260819T065301Z.csv,.csv,71,5580b682abbad98bb65ecec6b40502ec7d5714cfce2904f92bac041f617d5cf5,duplicate,duplicate_checksum,utf-8-sig,valid,1,mwr_hfc/20260819T044426Z.csv,not_applicable,2026-08-19T07:02:30Z,
nasa_power_hourly/20260818T091136Z.json,D:\Project\fuwai\2026_sheng-fuwai\data-cleaning\storage\raw\nasa_power_hourly\20260818T091136Z.json,.json,9349,6da2deb1e36c0ed341e8cc9e2e7be811dcf5b7d6efc91b0bcc9b9870a3ec8323,ok,,utf-8-sig,valid_json,1,,not_applicable,2026-08-19T07:02:30Z,
nasa_power_hourly/history_2005.json,D:\Project\fuwai\2026_sheng-fuwai\data-cleaning\storage\raw\nasa_power_hourly\history_2005.json,.json,1368571,f089fca255a1ad5d3b1ea9365c3ff79ca3e79cdd27ab24b9ecf85f109c53f561,ok,,utf-8-sig,valid_json,1,,not_applicable,2026-08-19T07:02:30Z,
nasa_power_hourly/history_2006.json,D:\Project\fuwai\2026_sheng-fuwai\data-cleaning\storage\raw\nasa_power_hourly\history_2006.json,.json,1368326,ae4be5f3a66e29a67e6006c8d16a27791aa64f9bd1454673cdcc4a474c21ad0a,ok,,utf-8-sig,valid_json,1,,not_applicable,2026-08-19T07:02:30Z,
nasa_power_hourly/history_2007.json,D:\Project\fuwai\2026_sheng-fuwai\data-cleaning\storage\raw\nasa_power_hourly\history_2007.json,.json,1367952,e5b4ea8d886bdfaba206d73d099d6fd4a95ec4582bce116b7a3de95455cded26,ok,,utf-8-sig,valid_json,1,,not_applicable,2026-08-19T07:02:30Z,
nasa_power_hourly/history_2008.json,D:\Project\fuwai\2026_sheng-fuwai\data-cleaning\storage\raw\nasa_power_hourly\history_2008.json,.json,1372319,444a00d39000746349b98f6ca09ff2fa0aeed3eca7b144b4884f6b87f51d64d8,ok,,utf-8-sig,valid_json,1,,not_applicable,2026-08-19T07:02:30Z,
nasa_power_hourly/history_2009.json,D:\Project\fuwai\2026_sheng-fuwai\data-cleaning\storage\raw\nasa_power_hourly\history_2009.json,.json,1368073,5049f660d3ebff202f21974b68b67b4fa9606f5444a31d6c4c1295a0ef04e326,ok,,utf-8-sig,valid_json,1,,not_applicable,2026-08-19T07:02:30Z,
nasa_power_hourly/history_2010.json,D:\Project\fuwai\2026_sheng-fuwai\data-cleaning\storage\raw\nasa_power_hourly\history_2010.json,.json,1368269,29ed2a648b8bba9d8df7e34913a9c21aa0bb7b1f55f3765bed1c207fa4438495,ok,,utf-8-sig,valid_json,1,,not_applicable,2026-08-19T07:02:30Z,
nasa_power_hourly/history_2011.json,D:\Project\fuwai\2026_sheng-fuwai\data-cleaning\storage\raw\nasa_power_hourly\history_2011.json,.json,1367748,f7f5b44d57554726911513836d1bed081cd4e0c3099d2a59757b37c979b5dabb,ok,,utf-8-sig,valid_json,1,,not_applicable,2026-08-19T07:02:30Z,
nasa_power_hourly/history_2012.json,D:\Project\fuwai\2026_sheng-fuwai\data-cleaning\storage\raw\nasa_power_hourly\history_2012.json,.json,1371542,a6155d45757ea4d60e0a5b2011c54255482b68599fbc12a8b98fb7e535bb13c3,ok,,utf-8-sig,valid_json,1,,not_applicable,2026-08-19T07:02:30Z,
nasa_power_hourly/history_2013.json,D:\Project\fuwai\2026_sheng-fuwai\data-cleaning\storage\raw\nasa_power_hourly\history_2013.json,.json,1367611,8af5a95b9ff2a1963cd8b871c51947d2a7087c8970e047918be58db653a0b63a,ok,,utf-8-sig,valid_json,1,,not_applicable,2026-08-19T07:02:30Z,
nasa_power_hourly/history_2014.json,D:\Project\fuwai\2026_sheng-fuwai\data-cleaning\storage\raw\nasa_power_hourly\history_2014.json,.json,1368125,bf95d1dfd061f564cac5f918d151f34da540a4d4edb29a5c69ebf40c70635b98,ok,,utf-8-sig,valid_json,1,,not_applicable,2026-08-19T07:02:30Z,
nasa_power_hourly/history_2015.json,D:\Project\fuwai\2026_sheng-fuwai\data-cleaning\storage\raw\nasa_power_hourly\history_2015.json,.json,1368442,184ddb8d86f5800357743ac4bdc8bb1a30f2bfc049130e2d6196f031e2b9963b,ok,,utf-8-sig,valid_json,1,,not_applicable,2026-08-19T07:02:30Z,
nasa_power_hourly/history_2016.json,D:\Project\fuwai\2026_sheng-fuwai\data-cleaning\storage\raw\nasa_power_hourly\history_2016.json,.json,1372775,9bb468b937467f2cb41d57b84809999e3c3b1139b87c9a07cdd703eba4fda498,ok,,utf-8-sig,valid_json,1,,not_applicable,2026-08-19T07:02:30Z,
nasa_power_hourly/history_2017.json,D:\Project\fuwai\2026_sheng-fuwai\data-cleaning\storage\raw\nasa_power_hourly\history_2017.json,.json,1368148,723a5138237ad494a110e0c302873e9617b06fe6ccd4f6a177a6c28865c28067,ok,,utf-8-sig,valid_json,1,,not_applicable,2026-08-19T07:02:30Z,
nasa_power_hourly/history_2018.json,D:\Project\fuwai\2026_sheng-fuwai\data-cleaning\storage\raw\nasa_power_hourly\history_2018.json,.json,1368681,903c91430947f7ea7d5d886c778d8414ddd07629e11a23ba66b468baee4786ad,ok,,utf-8-sig,valid_json,1,,not_applicable,2026-08-19T07:02:30Z,
nasa_power_hourly/history_2019.json,D:\Project\fuwai\2026_sheng-fuwai\data-cleaning\storage\raw\nasa_power_hourly\history_2019.json,.json,1367491,c0c791b1e3c002cbb51e4c0dbe0d69341d168d37df2983ff940c0a94296a5dfb,ok,,utf-8-sig,valid_json,1,,not_applicable,2026-08-19T07:02:30Z,
nasa_power_hourly/history_2020.json,D:\Project\fuwai\2026_sheng-fuwai\data-cleaning\storage\raw\nasa_power_hourly\history_2020.json,.json,1373078,6bdcf2150260d3ce375c9c2cd33e447cb1dfeff48550f5d3ec818f7944c54ba1,ok,,utf-8-sig,valid_json,1,,not_applicable,2026-08-19T07:02:30Z,
open_meteo_forecast/20260818T112039Z.json,D:\Project\fuwai\2026_sheng-fuwai\data-cleaning\storage\raw\open_meteo_forecast\20260818T112039Z.json,.json,8398,4e21aeb36b4b147deeec7ac55270ffc510f93759e206c8147ad322c15a5da765,ok,,utf-8-sig,valid_json,1,,not_applicable,2026-08-19T07:02:30Z,
open_meteo_forecast/20260818T112053Z.json,D:\Project\fuwai\2026_sheng-fuwai\data-cleaning\storage\raw\open_meteo_forecast\20260818T112053Z.json,.json,8399,3068d78b7d9dcd27c039e49f7843f38fd4370872df000481962f96d42d637d66,ok,,utf-8-sig,valid_json,1,,not_applicable,2026-08-19T07:02:30Z,
open_meteo_forecast/20260818T112114Z.json,D:\Project\fuwai\2026_sheng-fuwai\data-cleaning\storage\raw\open_meteo_forecast\20260818T112114Z.json,.json,8399,3a7264acf80c9228c2bf32b4e438f5c7ac997ac95c3e1a7a21fb7fcb0f25484c,ok,,utf-8-sig,valid_json,1,,not_applicable,2026-08-19T07:02:30Z,
static_geo/copernicus_dem_glo30/Copernicus_DSM_COG_10_N30_00_E119_00_DEM.tif,D:\Project\fuwai\2026_sheng-fuwai\data-cleaning\storage\raw\static_geo\copernicus_dem_glo30\Copernicus_DSM_COG_10_N30_00_E119_00_DEM.tif,.tif,50707008,6ec4f2aa21cfcdc23fdeeace4b42fdc0ce7244757ff7bb91dff01cb38f20b234,ok,,,not_applicable,,,not_applicable,2026-08-19T07:02:30Z,
static_geo/copernicus_dem_glo30/Copernicus_DSM_COG_10_N30_00_E120_00_DEM.tif,D:\Project\fuwai\2026_sheng-fuwai\data-cleaning\storage\raw\static_geo\copernicus_dem_glo30\Copernicus_DSM_COG_10_N30_00_E120_00_DEM.tif,.tif,47859448,929b54f8bb3a51910e4a6b4ac9f052a607245fd0e43a0846b5501663d18af010,ok,,,not_applicable,,,not_applicable,2026-08-19T07:02:30Z,
static_geo/copernicus_dem_glo30/Copernicus_DSM_COG_10_N31_00_E119_00_DEM.tif,D:\Project\fuwai\2026_sheng-fuwai\data-cleaning\storage\raw\static_geo\copernicus_dem_glo30\Copernicus_DSM_COG_10_N31_00_E119_00_DEM.tif,.tif,48619711,7b0982cbf2bb80e48157ad8ea3b825a908d2a0e2ae6428d5f14f6d2387a9c5fb,ok,,,not_applicable,,,not_applicable,2026-08-19T07:02:30Z,
static_geo/copernicus_dem_glo30/Copernicus_DSM_COG_10_N31_00_E120_00_DEM.tif,D:\Project\fuwai\2026_sheng-fuwai\data-cleaning\storage\raw\static_geo\copernicus_dem_glo30\Copernicus_DSM_COG_10_N31_00_E120_00_DEM.tif,.tif,40599423,9a8f5720819f197227db92b4f2abadb5dcc7ab14652f07c0ce02d59611feab5c,ok,,,not_applicable,,,not_applicable,2026-08-19T07:02:30Z,
static_geo/esa_worldcover_2021_v200/ESA_WorldCover_10m_2021_v200_N30E117_Map.tif,D:\Project\fuwai\2026_sheng-fuwai\data-cleaning\storage\raw\static_geo\esa_worldcover_2021_v200\ESA_WorldCover_10m_2021_v200_N30E117_Map.tif,.tif,136218188,2ecba0b373296bd1f2641503065648e80d2adc33cdea1b8d2e8247e77fa97426,ok,,,not_applicable,,,not_applicable,2026-08-19T07:02:30Z,
static_geo/esa_worldcover_2021_v200/ESA_WorldCover_10m_2021_v200_N30E120_Map.tif,D:\Project\fuwai\2026_sheng-fuwai\data-cleaning\storage\raw\static_geo\esa_worldcover_2021_v200\ESA_WorldCover_10m_2021_v200_N30E120_Map.tif,.tif,93443932,f3859c80b7bd8d61a82f0adafee02378d418a2f1bafe32d8229b84301329c814,ok,,,not_applicable,,,not_applicable,2026-08-19T07:02:30Z,
taihu_thqbca_parsed/thqbca_observations.csv,D:\Project\fuwai\2026_sheng-fuwai\data-cleaning\storage\raw\taihu_thqbca_parsed\thqbca_observations.csv,.csv,19099466,311277c57480a276692076fb6485252a46a71817fa77c9b107471b45094adfc1,ok,,utf-8-sig,valid,84179,,not_applicable,2026-08-19T07:02:30Z,
taihu_thqbca_parsed/thqbca_remote_product_index.csv,D:\Project\fuwai\2026_sheng-fuwai\data-cleaning\storage\raw\taihu_thqbca_parsed\thqbca_remote_product_index.csv,.csv,45740,664c37d47087f5cd295b85c4638121b26eebd96d4a69e568431827e1379b9df0,ok,,utf-8-sig,valid,146,,not_applicable,2026-08-19T07:02:30Z,
taihu_thqbca_zenodo/20260818T091138Z.json,D:\Project\fuwai\2026_sheng-fuwai\data-cleaning\storage\raw\taihu_thqbca_zenodo\20260818T091138Z.json,.json,7253,dbf29e85770db111d7a50e8c92fcc178740081eadd2111910066e9d80eb52034,ok,,utf-8-sig,valid_json,1,,not_applicable,2026-08-19T07:02:30Z,
taihu_thqbca_zenodo/20260818T091243Z.json,D:\Project\fuwai\2026_sheng-fuwai\data-cleaning\storage\raw\taihu_thqbca_zenodo\20260818T091243Z.json,.json,7253,960bd06fb717cddfb569a4360bc7291239075ec6795e12fa38805144fe5a3df9,ok,,utf-8-sig,valid_json,1,,not_applicable,2026-08-19T07:02:30Z,
taihu_thqbca_zenodo/extracted/THQBCA-V2/1.WaterQuality/1WaterQuality.xlsx,D:\Project\fuwai\2026_sheng-fuwai\data-cleaning\storage\raw\taihu_thqbca_zenodo\extracted\THQBCA-V2\1.WaterQuality\1WaterQuality.xlsx,.xlsx,107199,d94d45fe98d80a22c436e78585cdb5c240e482c48f896442b6528d04f501aa95,ok,,,valid_workbook,812,,not_applicable,2026-08-19T07:02:30Z,
taihu_thqbca_zenodo/extracted/THQBCA-V2/3.Climate/3.Climate.xlsx,D:\Project\fuwai\2026_sheng-fuwai\data-cleaning\storage\raw\taihu_thqbca_zenodo\extracted\THQBCA-V2\3.Climate\3.Climate.xlsx,.xlsx,1431600,a7e8b3313158c57c273e2ebb3ff31425463a81cb060b22e4214f4d81c795fe2b,ok,,,valid_workbook,77674,,not_applicable,2026-08-19T07:02:30Z,
taihu_thqbca_zenodo/THQBCA-V2.rar,D:\Project\fuwai\2026_sheng-fuwai\data-cleaning\storage\raw\taihu_thqbca_zenodo\THQBCA-V2.rar,.rar,924743430,b10a729b3c60a8fd09fda28f31d85b4ab137f73c9829d4b4de50e76982d2c953,issue,archive_check_unsupported,,not_applicable,,,not_checked,2026-08-19T07:02:30Z,RAR integrity check requires authorized extractor
tba_hydrology/20260819T043300Z.html,D:\Project\fuwai\2026_sheng-fuwai\data-cleaning\storage\raw\tba_hydrology\20260819T043300Z.html,.html,406,fbba1a47d7a12e736753392eaa755c43d62e0327dfb2a4fe8efb264a7648b0c0,ok,,utf-8-sig,not_applicable,,,not_applicable,2026-08-19T07:02:30Z,
tba_hydrology/20260819T043316Z.html,D:\Project\fuwai\2026_sheng-fuwai\data-cleaning\storage\raw\tba_hydrology\20260819T043316Z.html,.html,406,fbba1a47d7a12e736753392eaa755c43d62e0327dfb2a4fe8efb264a7648b0c0,duplicate,duplicate_checksum,utf-8-sig,not_applicable,,tba_hydrology/20260819T043300Z.html,not_applicable,2026-08-19T07:02:30Z,
tba_hydrology/20260819T043349Z.html,D:\Project\fuwai\2026_sheng-fuwai\data-cleaning\storage\raw\tba_hydrology\20260819T043349Z.html,.html,406,fbba1a47d7a12e736753392eaa755c43d62e0327dfb2a4fe8efb264a7648b0c0,duplicate,duplicate_checksum,utf-8-sig,not_applicable,,tba_hydrology/20260819T043300Z.html,not_applicable,2026-08-19T07:02:30Z,
tba_hydrology/20260819T043455Z.html,D:\Project\fuwai\2026_sheng-fuwai\data-cleaning\storage\raw\tba_hydrology\20260819T043455Z.html,.html,406,fbba1a47d7a12e736753392eaa755c43d62e0327dfb2a4fe8efb264a7648b0c0,duplicate,duplicate_checksum,utf-8-sig,not_applicable,,tba_hydrology/20260819T043300Z.html,not_applicable,2026-08-19T07:02:30Z,
tba_hydrology/20260819T043520Z.html,D:\Project\fuwai\2026_sheng-fuwai\data-cleaning\storage\raw\tba_hydrology\20260819T043520Z.html,.html,406,fbba1a47d7a12e736753392eaa755c43d62e0327dfb2a4fe8efb264a7648b0c0,duplicate,duplicate_checksum,utf-8-sig,not_applicable,,tba_hydrology/20260819T043300Z.html,not_applicable,2026-08-19T07:02:30Z,
tba_hydrology/20260819T043556Z.html,D:\Project\fuwai\2026_sheng-fuwai\data-cleaning\storage\raw\tba_hydrology\20260819T043556Z.html,.html,406,fbba1a47d7a12e736753392eaa755c43d62e0327dfb2a4fe8efb264a7648b0c0,duplicate,duplicate_checksum,utf-8-sig,not_applicable,,tba_hydrology/20260819T043300Z.html,not_applicable,2026-08-19T07:02:30Z,
tba_hydrology/20260819T043627Z.html,D:\Project\fuwai\2026_sheng-fuwai\data-cleaning\storage\raw\tba_hydrology\20260819T043627Z.html,.html,406,fbba1a47d7a12e736753392eaa755c43d62e0327dfb2a4fe8efb264a7648b0c0,duplicate,duplicate_checksum,utf-8-sig,not_applicable,,tba_hydrology/20260819T043300Z.html,not_applicable,2026-08-19T07:02:30Z,
tba_hydrology/20260819T044426Z.html,D:\Project\fuwai\2026_sheng-fuwai\data-cleaning\storage\raw\tba_hydrology\20260819T044426Z.html,.html,406,fbba1a47d7a12e736753392eaa755c43d62e0327dfb2a4fe8efb264a7648b0c0,duplicate,duplicate_checksum,utf-8-sig,not_applicable,,tba_hydrology/20260819T043300Z.html,not_applicable,2026-08-19T07:02:30Z,
tba_hydrology/20260819T044457Z.html,D:\Project\fuwai\2026_sheng-fuwai\data-cleaning\storage\raw\tba_hydrology\20260819T044457Z.html,.html,406,fbba1a47d7a12e736753392eaa755c43d62e0327dfb2a4fe8efb264a7648b0c0,duplicate,duplicate_checksum,utf-8-sig,not_applicable,,tba_hydrology/20260819T043300Z.html,not_applicable,2026-08-19T07:02:30Z,
tba_hydrology/20260819T045226Z.html,D:\Project\fuwai\2026_sheng-fuwai\data-cleaning\storage\raw\tba_hydrology\20260819T045226Z.html,.html,406,fbba1a47d7a12e736753392eaa755c43d62e0327dfb2a4fe8efb264a7648b0c0,duplicate,duplicate_checksum,utf-8-sig,not_applicable,,tba_hydrology/20260819T043300Z.html,not_applicable,2026-08-19T07:02:30Z,
tba_hydrology/20260819T045238Z.html,D:\Project\fuwai\2026_sheng-fuwai\data-cleaning\storage\raw\tba_hydrology\20260819T045238Z.html,.html,406,fbba1a47d7a12e736753392eaa755c43d62e0327dfb2a4fe8efb264a7648b0c0,duplicate,duplicate_checksum,utf-8-sig,not_applicable,,tba_hydrology/20260819T043300Z.html,not_applicable,2026-08-19T07:02:30Z,
tba_hydrology/20260819T045312Z.html,D:\Project\fuwai\2026_sheng-fuwai\data-cleaning\storage\raw\tba_hydrology\20260819T045312Z.html,.html,406,fbba1a47d7a12e736753392eaa755c43d62e0327dfb2a4fe8efb264a7648b0c0,duplicate,duplicate_checksum,utf-8-sig,not_applicable,,tba_hydrology/20260819T043300Z.html,not_applicable,2026-08-19T07:02:30Z,
tba_hydrology/20260819T050626Z.html,D:\Project\fuwai\2026_sheng-fuwai\data-cleaning\storage\raw\tba_hydrology\20260819T050626Z.html,.html,406,fbba1a47d7a12e736753392eaa755c43d62e0327dfb2a4fe8efb264a7648b0c0,duplicate,duplicate_checksum,utf-8-sig,not_applicable,,tba_hydrology/20260819T043300Z.html,not_applicable,2026-08-19T07:02:30Z,
tba_hydrology/20260819T052520Z.html,D:\Project\fuwai\2026_sheng-fuwai\data-cleaning\storage\raw\tba_hydrology\20260819T052520Z.html,.html,406,fbba1a47d7a12e736753392eaa755c43d62e0327dfb2a4fe8efb264a7648b0c0,duplicate,duplicate_checksum,utf-8-sig,not_applicable,,tba_hydrology/20260819T043300Z.html,not_applicable,2026-08-19T07:02:30Z,
tba_hydrology/20260819T053452Z.html,D:\Project\fuwai\2026_sheng-fuwai\data-cleaning\storage\raw\tba_hydrology\20260819T053452Z.html,.html,406,fbba1a47d7a12e736753392eaa755c43d62e0327dfb2a4fe8efb264a7648b0c0,duplicate,duplicate_checksum,utf-8-sig,not_applicable,,tba_hydrology/20260819T043300Z.html,not_applicable,2026-08-19T07:02:30Z,
tba_hydrology/20260819T054722Z.html,D:\Project\fuwai\2026_sheng-fuwai\data-cleaning\storage\raw\tba_hydrology\20260819T054722Z.html,.html,406,fbba1a47d7a12e736753392eaa755c43d62e0327dfb2a4fe8efb264a7648b0c0,duplicate,duplicate_checksum,utf-8-sig,not_applicable,,tba_hydrology/20260819T043300Z.html,not_applicable,2026-08-19T07:02:30Z,
tba_hydrology/20260819T055534Z.html,D:\Project\fuwai\2026_sheng-fuwai\data-cleaning\storage\raw\tba_hydrology\20260819T055534Z.html,.html,406,fbba1a47d7a12e736753392eaa755c43d62e0327dfb2a4fe8efb264a7648b0c0,duplicate,duplicate_checksum,utf-8-sig,not_applicable,,tba_hydrology/20260819T043300Z.html,not_applicable,2026-08-19T07:02:30Z,
tba_hydrology/20260819T062127Z.html,D:\Project\fuwai\2026_sheng-fuwai\data-cleaning\storage\raw\tba_hydrology\20260819T062127Z.html,.html,406,fbba1a47d7a12e736753392eaa755c43d62e0327dfb2a4fe8efb264a7648b0c0,duplicate,duplicate_checksum,utf-8-sig,not_applicable,,tba_hydrology/20260819T043300Z.html,not_applicable,2026-08-19T07:02:30Z,
tba_hydrology/20260819T062301Z.html,D:\Project\fuwai\2026_sheng-fuwai\data-cleaning\storage\raw\tba_hydrology\20260819T062301Z.html,.html,406,fbba1a47d7a12e736753392eaa755c43d62e0327dfb2a4fe8efb264a7648b0c0,duplicate,duplicate_checksum,utf-8-sig,not_applicable,,tba_hydrology/20260819T043300Z.html,not_applicable,2026-08-19T07:02:30Z,
tba_hydrology/20260819T062807Z.html,D:\Project\fuwai\2026_sheng-fuwai\data-cleaning\storage\raw\tba_hydrology\20260819T062807Z.html,.html,406,fbba1a47d7a12e736753392eaa755c43d62e0327dfb2a4fe8efb264a7648b0c0,duplicate,duplicate_checksum,utf-8-sig,not_applicable,,tba_hydrology/20260819T043300Z.html,not_applicable,2026-08-19T07:02:30Z,
tba_hydrology/20260819T063137Z.html,D:\Project\fuwai\2026_sheng-fuwai\data-cleaning\storage\raw\tba_hydrology\20260819T063137Z.html,.html,406,fbba1a47d7a12e736753392eaa755c43d62e0327dfb2a4fe8efb264a7648b0c0,duplicate,duplicate_checksum,utf-8-sig,not_applicable,,tba_hydrology/20260819T043300Z.html,not_applicable,2026-08-19T07:02:30Z,
tba_hydrology/20260819T064509Z.html,D:\Project\fuwai\2026_sheng-fuwai\data-cleaning\storage\raw\tba_hydrology\20260819T064509Z.html,.html,406,fbba1a47d7a12e736753392eaa755c43d62e0327dfb2a4fe8efb264a7648b0c0,duplicate,duplicate_checksum,utf-8-sig,not_applicable,,tba_hydrology/20260819T043300Z.html,not_applicable,2026-08-19T07:02:30Z,
tba_hydrology/20260819T064804Z.html,D:\Project\fuwai\2026_sheng-fuwai\data-cleaning\storage\raw\tba_hydrology\20260819T064804Z.html,.html,406,fbba1a47d7a12e736753392eaa755c43d62e0327dfb2a4fe8efb264a7648b0c0,duplicate,duplicate_checksum,utf-8-sig,not_applicable,,tba_hydrology/20260819T043300Z.html,not_applicable,2026-08-19T07:02:30Z,
tba_hydrology/20260819T065310Z.html,D:\Project\fuwai\2026_sheng-fuwai\data-cleaning\storage\raw\tba_hydrology\20260819T065310Z.html,.html,406,fbba1a47d7a12e736753392eaa755c43d62e0327dfb2a4fe8efb264a7648b0c0,duplicate,duplicate_checksum,utf-8-sig,not_applicable,,tba_hydrology/20260819T043300Z.html,not_applicable,2026-08-19T07:02:30Z,
