source_id,category,provider,endpoint,access_mode,auth,claimed_connected,evidence,evidence_exists,temporal_coverage,key_variables,license_risk,redistribution_allowed,authorization_risk
mee_surface_water_realtime,water_quality,生态环境部,https://szzdjc.cnemc.cn:8070/GJZ/Business/Publish/Main.html,HTML_PUBLIC,none,False,,False,current,"pH,DO,CODMn,NH3-N,TP,TN,water_temperature; lake stations may include chlorophyll_a and algae_density",public-page-no-documented-api,pending_review,False
hj1404_station_protocol,water_quality,生态环境部,https://www.mee.gov.cn/ywgz/fgbz/bz/bzwb/jcffbz/202501/t20250126_1101554.shtml,STANDARD,none,False,,False,2025-present,"station_id,time,parameter_code,value,status",open-standard,pending_review,False
nesdc_taihu_2007_2015,water_quality,国家生态科学数据中心,https://www.nesdc.org.cn/api/sdoMetadata/5fa53680042ebb70d0c833d7,API_METADATA_ORDER,JWT-or-contact,False,,False,2007-2015,"Secchi_depth,depth,water_temperature,EC,TSS,DO,pH,SiO3,PO4,NO2,NO3,NH3,COD,TP,TN,DOC",CC-BY-NC-4.0-and-download-authorization,pending_review,True
lake_geodata_taihu,water_quality,湖泊-流域科学数据中心,https://lake.geodata.cn/datapplication/index.html,ORDER_PORTAL,account-and-order,False,,False,historical,"water_quality,biology,meteorology,sediment,remote_sensing",terms-per-dataset,pending_review,True
geodata_taihu_2000_2020,water_quality,国家地球系统科学数据中心,https://www.geodata.cn/main/face_science_detail?guid=30292244868129,ORDER_PORTAL,account-and-order,False,,False,2000-2020,"TN,TP,chlorophyll_a,station_metadata",dataset-license-and-login,pending_review,True
cnern_taihu_monthly,water_quality,国家生态系统观测研究网络,https://www.cnern.org.cn/data/meta?id=41979,REGISTERED_DOWNLOAD,account,False,,False,historical,"nutrients,physicochemical_parameters",terms-per-dataset,pending_review,True
thqbca_zenodo,integrated,Scientific Data/Zenodo,https://zenodo.org/api/records/13917285,API_FILE_DIRECT,none,False,,False,historical,"water_quality,phytoplankton_biomass,phytoplankton_number,climate,water_level,FAC,chlorophyll_a,SDD,TSI",CC-license-check-record,pending_review,False
biotime_taihu_phyto,algae,BioTIME,https://biotime.st-andrews.ac.uk/selectStudy.php?study=741,FILE_DIRECT,none,False,,False,1991-2006,"species,abundance,biomass,time,location",terms-per-study,pending_review,False
wuxi_open_data,water_quality,无锡市公共数据开放平台,http://data.wuxi.gov.cn/,PORTAL_API_APPLICATION,account-or-online-authorization,False,,False,current-and-historical,"candidate_station_water_quality,hydrology",individual-dataset-authorization,pending_review,True
zhejiang_open_data,water_quality,浙江省公共数据开放平台,https://data.zjzwfw.gov.cn/dopServer/,PORTAL_API_APPLICATION,account-or-application,False,,False,current-and-historical,"candidate_station_water_quality,hydrology",individual-dataset-authorization,pending_review,True
suzhou_open_data,water_quality,苏州市公共数据开放平台,https://www.suzhou.gov.cn/szsrmzf/zfwj/202309/9ca88b1e06c14b17996804de32cc3b11.shtml,PORTAL_API_APPLICATION,account-or-application,False,,False,current-and-historical,"candidate_station_water_quality,hydrology",conditional-open-data,pending_review,True
cdse_sentinel2_l2a,remote_sensing,Copernicus Data Space Ecosystem,https://stac.dataspace.copernicus.eu/v1/collections/sentinel-2-l2a,STAC_API_OAUTH,optional-for-search-required-for-download,False,,False,2015-present,"B02,B03,B04,B05,B08,B8A,B11,SCL",Copernicus-free-use,conditional,True
cdse_sentinel3_olci_l2,remote_sensing,Copernicus Data Space Ecosystem,https://documentation.dataspace.copernicus.eu/APIs/SentinelHub/Data/S3OLCIL2.html,SENTINEL_HUB_API,OAuth,False,,False,2016-present,"water_leaving_reflectance,chlorophyll_related_bands,quality_flags",Copernicus-free-use,conditional,True
clms_lwq_nrt_300m_v2,remote_sensing,Copernicus Land Monitoring Service,https://documentation.dataspace.copernicus.eu/APIs/SentinelHub/Data/clms/bio-geophysical-parameters/water-bodies/lake-water-quality/lwq-nrt_global_300m_10daily_v2.html,SENTINEL_HUB_BYOC,OAuth,False,,False,2024-present,"CHLAMEAN,CHLAUNC,FCBPROB,water_leaving_reflectance",Copernicus-free-use,conditional,True
clms_lwq_catalog,remote_sensing,Copernicus Land Monitoring Service,https://csv.dataspace.copernicus.eu/CLMS/bio-geophysical/lake_water_quality/,FILE_DIRECT,none,False,,False,2002-present,"product_date,s3_path,size,product_metadata",Copernicus-free-use,conditional,False
nasa_lance_modis_viirs,remote_sensing,NASA LANCE,https://lance4.modaps.eosdis.nasa.gov/,HTTPS_API,Earthdata-token,False,,False,2000-present,"surface_reflectance,cloud_mask,thermal_or_ocean_color_products",NASA-data-policy,conditional,True
nasa_oceancolor,remote_sensing,NASA Ocean Biology DAAC,https://oceandata.sci.gsfc.nasa.gov/,HTTPS_API,Earthdata-login,False,,False,mission-dependent,"chlorophyll_a,remote_sensing_reflectance,quality_flags",inland-turbid-water-validity-risk,conditional,True
usgs_landsat_c2_l2,remote_sensing,USGS,https://m2m.cr.usgs.gov/,M2M_API,EarthExplorer-account-token,False,,False,1982-present,"surface_reflectance,QA_PIXEL,water_temperature_if_available",USGS-data-policy,pending_review,True
china_gaofen_cpeos,remote_sensing,国家遥感数据与应用服务平台,https://www.cpeos.org.cn/dataSearch3D/,REGISTERED_ORDER,account-and-order,False,,False,mission-dependent,"multispectral,hyperspectral",order-and-use-terms,pending_review,True
esa_lakes_cci,remote_sensing,ESA Climate Change Initiative,https://climate.esa.int/en/catalogue/a56dba09df8a42ec9fba8b8c7a5e1f69/,REGISTERED_FILE,CEDA-account,False,,False,1992-2023,"lake_water_level,extent,surface_temperature,reflectance,storage_change",coverage-must-be-verified,pending_review,True
cma_surface_3hour,meteorology,中国气象数据网,https://k.data.cma.cn/mekb/?dataCode=A.0012.0001&r=data%2Fdetail,REGISTERED_DOWNLOAD,real-name-education-or-research,False,,False,current-rolling,"air_temperature,pressure,humidity,wind,precipitation",account-and-purpose-limits,pending_review,True
cma_cldas,meteorology,中国气象数据网,https://data.cma.cn/,REGISTERED_DOWNLOAD,real-name-account,False,,False,2008-present,"temperature,precipitation,humidity,wind,shortwave_radiation,soil_moisture",account-and-data-policy,pending_review,True
cma_daily_history,meteorology,中国气象数据网,https://m.data.cma.cn/data/detail/dataCode/SURF_CLI_CHN_MUL_DAY_V3.0.html,REGISTERED_DOWNLOAD,real-name-education-or-research,False,,False,1951-present,"temperature,precipitation,wind,humidity,sunshine",account-and-purpose-limits,pending_review,True
ecmwf_open_ifs_aifs,meteorology,ECMWF,https://data.ecmwf.int/forecasts/,OPEN_OBJECT_API,none,False,,False,rolling,"2m_temperature,precipitation,10m_wind,shortwave_radiation,cloud,pressure",open-data-terms,pending_review,False
era5_land,meteorology,Copernicus Climate Data Store,https://cds.climate.copernicus.eu/datasets/reanalysis-era5-land?tab=download,CDS_API,CDS-account-key,False,,False,1950-present,"temperature,precipitation,wind,radiation,evaporation,soil_moisture",CDS-license,pending_review,True
c3s_seasonal,meteorology,Copernicus Climate Data Store,https://www.ecmwf.int/en/forecasts/dataset/c3s-seasonal-forecasts,CDS_API,CDS-account-key,False,,False,1993-present,"temperature,precipitation,wind,radiation,ensemble_members",CDS-license-and-bias,pending_review,True
noaa_gfs,meteorology,NOAA NCEP,https://nomads.ncep.noaa.gov/,HTTP_GRIB_FILTER,none,True,storage\manifests\noaa_gfs_20260818_18z.json,True,rolling,"temperature,precipitation,wind,cloud,radiation,pressure",open-US-government-data,pending_review,False
nasa_power,meteorology,NASA,https://power.larc.nasa.gov/api/temporal/daily/point,REST_API,none,False,,False,1981-present,"temperature,precipitation,wind,solar_radiation,humidity",NASA-data-policy,conditional,False
gpm_imerg,meteorology,NASA GPM,https://gpm.nasa.gov/data/imerg,EARTHDATA_API,Earthdata-or-PPS-account,False,,False,2000-present,"precipitation,quality_index",NASA-data-policy,conditional,True
open_meteo_dev,meteorology,Open-Meteo,https://api.open-meteo.com/v1/forecast,REST_API,none,False,,False,rolling,"temperature,precipitation,wind,radiation,cloud",service-availability-and-not-final-authoritative,conditional,False
tba_current_level,hydrology,水利部太湖流域管理局,https://www.tba.gov.cn/,HTML_PUBLIC,none,False,,False,current,"water_level,station,time",public-page-no-documented-api,pending_review,False
tba_reports,hydrology,水利部太湖流域管理局,https://www.tba.gov.cn/,FILE_PUBLIC,none,False,,False,historical,"water_level,runoff,precipitation,dispatch,water_quality_summary",public-document-parser-risk,pending_review,False
mwr_hfc,hydrology,水利部,https://hfc.mwr.cn/,HTML_PUBLIC,none,False,,False,current,"water_level,rainfall,discharge_if_published",public-page-no-documented-api,pending_review,False
glofas_forecast,hydrology,Copernicus Emergency Management Service,https://ewds.climate.copernicus.eu/datasets/cems-glofas-forecast?tab=download,EWDS_API,EWDS-account-key,False,,False,rolling,"river_discharge,runoff,ensemble_members",not-for-time-critical-use-and-local-validity,pending_review,True
grdc,hydrology,Global Runoff Data Centre,https://grdc.bafg.de/data/data_portal/,REQUEST_DOWNLOAD,research-request,False,,False,historical,"discharge,station_metadata",research-only-and-no-redistribution,pending_review,True
clms_lake_level,hydrology,Copernicus Land Monitoring Service,https://land.copernicus.eu/en/products/water-bodies,FILE_OR_SENTINEL_HUB,account-may-be-required,False,,False,1992-present,"lake_water_level,quality_flags",Taihu-coverage-must-be-verified,conditional,True
hydrolakes,static_geo,HydroSHEDS,https://www.hydrosheds.org/products/hydrolakes,FILE_DIRECT,none,False,,False,static,"lake_boundary,area,depth_estimate,volume,residence_time",CC-BY-4.0,yes,False
hydrobasins,static_geo,HydroSHEDS,https://www.hydrosheds.org/products/hydrobasins,FILE_DIRECT,none,False,,False,static,"basin_id,upstream_area,topology",HydroSHEDS-license,yes,False
esa_worldcover,static_geo,ESA,https://esa-worldcover.org/en/data-access,FILE_DIRECT,none,False,,False,2020-2021,"land_cover_class,water_mask",CC-BY-4.0,yes,False
copernicus_dem,static_geo,Copernicus Data Space,https://dataspace.copernicus.eu/explore-data/data-collections/copernicus-contributing-missions/collections-description/COP-DEM,ODATA_OR_S3,CDSE-account,False,,False,static,"elevation,slope,flow_direction_derived",Copernicus-license,conditional,True
jrc_global_surface_water,static_geo,European Commission JRC,https://global-surface-water.appspot.com/download,FILE_OR_GEE,none,False,,False,1984-2021,"water_occurrence,seasonality,change",Copernicus/JRC-use-terms,conditional,False
bst_oli_code,algorithm,GitHub/zgcao,https://github.com/zgcao/bst_oli,GIT_CLONE,none,False,,False,published-model,"chlorophyll_a_retrieval,band_features,model",MIT,yes,False
copernicus_sentinel2_stac,remote_sensing,Copernicus Data Space Ecosystem,https://stac.dataspace.copernicus.eu/v1/search,STAC_API_PUBLIC_SEARCH,catalog-query-no-token-product-download-oauth,False,,False,2015-present,"B04,B05,B08,SCL,scene_id,acquisition_at,cloud_probability",Copernicus-free-use-and-product-download-terms,conditional,True
nasa_power_hourly,meteorology,NASA POWER,https://power.larc.nasa.gov/api/temporal/hourly/point,REST_API,none,True,storage\manifests\nasa_power_history_2005_2020.json,True,1981-present,"T2M,WS10M,WD10M,PRECTOTCORR,ALLSKY_SFC_SW_DWN",NASA-data-policy,conditional,False
taihu_thqbca_zenodo,integrated,Scientific Data/Zenodo,https://zenodo.org/api/records/13917285,API_FILE_DIRECT,none,True,storage\manifests\thqbca_integrated_cleaning_v2.json,True,historical,"water_quality,phytoplankton_biomass,phytoplankton_number,climate,water_level,chlorophyll_a,SDD,TSI",CC-license-check-record,pending_review,False
open_meteo_forecast,meteorology_forecast,Open-Meteo,https://api.open-meteo.com/v1/forecast,REST_API,none,False,,False,rolling,"temperature_2m,wind_speed_10m,wind_direction_10m,precipitation,shortwave_radiation",service-availability-and-attribution,conditional,False
mee_water_station_protocol,water_quality,生态环境部,https://www.mee.gov.cn/ywgz/fgbz/bz/bzwb/jcffbz/202501/t20250126_1101554.shtml,STANDARD,station-gateway-credentials,False,,False,2025-present,"station_id,time,parameter_code,value,status,chlorophyll_a,algae_density",open-standard-but-station-permission-required,pending_review,True
tba_taihu_portal,hydrology,水利部太湖流域管理局,https://www.tba.gov.cn/,HTML_PUBLIC,none-for-public-page,False,,False,current,"water_level,inflow_discharge,outflow_discharge,flow_velocity",public-page-no-documented-api,pending_review,True
niglas_lake_geodata,taihu_water_quality_remote_sensing_reference,NIGLAS/NESDC Lake-Watershed data center,https://lake.geodata.cn/feature.html,ORDER_PORTAL,login-or-order,False,,False,historical,"chlorophyll_a,algae_density,water_temperature,remote_bloom_area_km2,bloom_flag,meteorology",metadata-public-data-order-and-reuse-review,pending_review,True
earth_search_sentinel2_l2a,remote_sensing,Element 84/AWS Open Data,https://earth-search.aws.element84.com/v1/search,STAC_COG_PUBLIC,none,True,storage\manifests\earth_search_sentinel2_202608.json,True,2015-present,"B02,B03,B04,B05,B08,B11,SCL,NDCI,MCI,FAI",Copernicus-Sentinel-terms,conditional,False
zenodo_taihu_insitu_10434391,calibration,Zenodo/NIGLAS,https://zenodo.org/api/records/10434391,API_FILE_DIRECT,none,True,storage\manifests\zenodo_taihu_insitu.json,True,2020-2023,"chlorophyll_a,TSM,SDD,water_temperature,Rrs490,Rrs560,Rrs665,Rrs705,Rrs842",record-specific-license-review,pending_review,False
open_meteo_ecmwf_seas5,seasonal_forecast,Open-Meteo/ECMWF,https://seasonal-api.open-meteo.com/v1/seasonal,REST_API,none,True,storage\raw\open_meteo_seasonal\manifest.json,True,current-90-days,"temperature_2m,precipitation_sum,shortwave_radiation_sum,wind_speed_10m,ensemble_p10,p90",Open-Meteo-attribution-and-upstream-terms,conditional,False
