source_id,variable_code,unit,cleaned_rows,valid_value_rows,missing_value_rows,missing_rate,min_value,max_value,mean_value,station_count,time_start,time_end,median_interval_hours,frequency_status,staleness_days,freshness_status,duplicate_key_rows,rejected_rows,pending_imputation_rows,issue_rows,quality_flagged_rows,imputed_rows,proxy_rows,value_origins,status
copernicus_sentinel2_stac,cloud_cover,percent,2,2,0,0.0,100.0,100.0,100.0,0,2025-06-01T02:35:29.024000+00:00,2025-06-01T02:35:29.024000+00:00,,unknown,442.892025,stale,0,0,0,0,2,0,0,"{""remote_sensing"": 2}",stale
nasa_power_hourly,air_temperature,degC,48,48,0,0.0,19.07,24.35,21.929375,1,2025-05-31T16:00:00+00:00,2025-06-02T15:00:00+00:00,1.0,available,441.375,stale,0,0,0,0,48,0,48,"{""proxy"": 48}",stale
nasa_power_hourly,precipitation,mm,48,48,0,0.0,0.004583333333333333,3.2445833333333334,0.8967447916666667,1,2025-05-31T16:00:00+00:00,2025-06-02T15:00:00+00:00,1.0,available,441.375,stale,0,0,0,0,48,0,48,"{""proxy"": 48}",stale
nasa_power_hourly,shortwave_radiation,W/m2,48,48,0,0.0,0.0,392.0,74.59875,1,2025-05-31T16:00:00+00:00,2025-06-02T15:00:00+00:00,1.0,available,441.375,stale,0,0,0,0,48,0,48,"{""proxy"": 48}",stale
nasa_power_hourly,wind_direction,degree,48,48,0,0.0,2.6,358.4,164.19791666666666,1,2025-05-31T16:00:00+00:00,2025-06-02T15:00:00+00:00,1.0,available,441.375,stale,0,0,0,0,48,0,48,"{""proxy"": 48}",stale
nasa_power_hourly,wind_speed,m/s,48,48,0,0.0,1.43,7.62,4.824166666666667,1,2025-05-31T16:00:00+00:00,2025-06-02T15:00:00+00:00,1.0,available,441.375,stale,0,0,0,0,48,0,48,"{""proxy"": 48}",stale
open_meteo_forecast,air_temperature,__issue__,0,0,0,1.0,,,,0,,,,unknown,,unknown,0,0,0,144,0,0,0,{},issue_only
open_meteo_forecast,air_temperature,degC,72,72,0,0.0,26.7,30.8,28.195833333333333,1,2026-08-17T16:00:00+00:00,2026-08-20T15:00:00+00:00,1.0,available,-2.625,fresh,0,144,0,0,72,0,72,"{""forecast_proxy"": 72}",available
open_meteo_forecast,precipitation,__issue__,0,0,0,1.0,,,,0,,,,unknown,,unknown,0,0,0,144,0,0,0,{},issue_only
open_meteo_forecast,precipitation,mm,72,72,0,0.0,0.0,2.0,0.22777777777777777,1,2026-08-17T16:00:00+00:00,2026-08-20T15:00:00+00:00,1.0,available,-2.625,fresh,0,144,0,0,72,0,72,"{""forecast_proxy"": 72}",available
open_meteo_forecast,shortwave_radiation,W/m2,72,72,0,0.0,0.0,843.0,231.61111111111111,1,2026-08-17T16:00:00+00:00,2026-08-20T15:00:00+00:00,1.0,available,-2.625,fresh,0,144,0,0,72,0,72,"{""forecast_proxy"": 72}",available
open_meteo_forecast,shortwave_radiation,__issue__,0,0,0,1.0,,,,0,,,,unknown,,unknown,0,0,0,144,0,0,0,{},issue_only
open_meteo_forecast,wind_direction,__issue__,0,0,0,1.0,,,,0,,,,unknown,,unknown,0,0,0,144,0,0,0,{},issue_only
open_meteo_forecast,wind_direction,degree,72,72,0,0.0,71.0,133.0,98.36111111111111,1,2026-08-17T16:00:00+00:00,2026-08-20T15:00:00+00:00,1.0,available,-2.625,fresh,0,144,0,0,72,0,72,"{""forecast_proxy"": 72}",available
open_meteo_forecast,wind_speed,__issue__,0,0,0,1.0,,,,0,,,,unknown,,unknown,0,0,0,144,0,0,0,{},issue_only
open_meteo_forecast,wind_speed,m/s,72,72,0,0.0,3.11,6.96,4.9759722222222225,1,2026-08-17T16:00:00+00:00,2026-08-20T15:00:00+00:00,1.0,available,-2.625,fresh,0,144,0,0,72,0,72,"{""forecast_proxy"": 72}",available
taihu_thqbca_history,air_temperature,__issue__,0,0,0,1.0,,,,0,,,,unknown,,unknown,0,0,0,5,0,0,0,{},issue_only
taihu_thqbca_history,air_temperature,degC,23815,23815,0,0.0,-6.4,35.2,16.438983833718247,1,1955-12-31T16:00:00+00:00,2021-05-30T16:00:00+00:00,24.0,available,1905.333333,stale,0,2,3,0,23815,0,0,"{""observed"": 23815}",stale
taihu_thqbca_history,algae_density,cells/L,16,16,0,0.0,5635161.822916666,371962899.5907738,98472751.34212078,1,2004-12-31T16:00:00+00:00,2019-12-31T16:00:00+00:00,8760.0,low_frequency,2421.333333,stale,0,0,0,0,16,0,0,"{""observed"": 16}",stale_low_frequency
taihu_thqbca_history,ammonia_nitrogen,mg/L,576,576,0,0.0,0.043000000000000003,4.4350000000000005,0.4905957031938244,9,2005-01-31T16:00:00+00:00,2020-10-31T16:00:00+00:00,2208.0,low_frequency,2116.333333,stale,0,0,0,0,576,0,0,"{""observed"": 576}",stale_low_frequency
taihu_thqbca_history,cod_mn,mg/L,576,576,0,0.0,2.174176313446126,11.772860262008734,4.664390128733706,9,2005-01-31T16:00:00+00:00,2020-10-31T16:00:00+00:00,2208.0,low_frequency,2116.333333,stale,0,0,0,0,576,0,0,"{""observed"": 576}",stale_low_frequency
taihu_thqbca_history,dissolved_oxygen,mg/L,576,576,0,0.0,3.1630701993990713,13.992015968063873,8.673740675170606,9,2005-01-31T16:00:00+00:00,2020-10-31T16:00:00+00:00,2208.0,low_frequency,2116.333333,stale,0,0,0,0,576,0,0,"{""observed"": 576}",stale_low_frequency
taihu_thqbca_history,nitrate_nitrogen,mg/L,576,576,0,0.0,0.040558000000000004,3.57115,0.6183436043364026,9,2005-01-31T16:00:00+00:00,2020-10-31T16:00:00+00:00,2208.0,low_frequency,2116.333333,stale,0,0,0,0,576,0,0,"{""observed"": 576}",stale_low_frequency
taihu_thqbca_history,nitrite_nitrogen,mg/L,576,576,0,0.0,0.0003,0.39017,0.033240073550697545,9,2005-01-31T16:00:00+00:00,2020-10-31T16:00:00+00:00,2208.0,low_frequency,2116.333333,stale,0,0,0,0,576,0,0,"{""observed"": 576}",stale_low_frequency
taihu_thqbca_history,pH,pH,576,576,0,0.0,7.475,9.426666666666668,8.200821382068453,9,2005-01-31T16:00:00+00:00,2020-10-31T16:00:00+00:00,2208.0,low_frequency,2116.333333,stale,0,0,0,0,576,0,0,"{""observed"": 576}",stale_low_frequency
taihu_thqbca_history,phosphate_phosphorus,mg/L,576,576,0,0.0,0.00047136,0.17875,0.016620007786923362,9,2005-01-31T16:00:00+00:00,2020-10-31T16:00:00+00:00,2208.0,low_frequency,2116.333333,stale,0,0,0,0,576,0,0,"{""observed"": 576}",stale_low_frequency
taihu_thqbca_history,phytoplankton_biomass,mg/L,576,576,0,0.0,0.0012250000000000002,76.9029,5.201349081589147,9,2005-01-31T16:00:00+00:00,2020-10-31T16:00:00+00:00,2208.0,low_frequency,2116.333333,stale,0,0,0,0,576,0,0,"{""observed"": 576}",stale_low_frequency
taihu_thqbca_history,precipitation,__issue__,0,0,0,1.0,,,,0,,,,unknown,,unknown,0,0,0,3079,0,0,0,{},issue_only
taihu_thqbca_history,precipitation,mm,20741,20741,0,0.0,0.0,500.0,29.51458463912058,1,1955-12-31T16:00:00+00:00,2021-05-30T16:00:00+00:00,24.0,available,1905.333333,stale,0,187,2892,0,20741,0,0,"{""observed"": 20741}",stale
taihu_thqbca_history,total_nitrogen,mg/L,576,576,0,0.0,0.51664,9.90875,2.614584228515625,9,2005-01-31T16:00:00+00:00,2020-10-31T16:00:00+00:00,2208.0,low_frequency,2116.333333,stale,0,0,0,0,576,0,0,"{""observed"": 576}",stale_low_frequency
taihu_thqbca_history,total_phosphorus,mg/L,576,576,0,0.0,0.01366,0.5061,0.11722533111979166,9,2005-01-31T16:00:00+00:00,2020-10-31T16:00:00+00:00,2208.0,low_frequency,2116.333333,stale,0,0,0,0,576,0,0,"{""observed"": 576}",stale_low_frequency
taihu_thqbca_history,water_level,__issue__,0,0,0,1.0,,,,0,,,,unknown,,unknown,0,0,0,54,0,0,0,{},issue_only
taihu_thqbca_history,water_level,m,6156,6156,0,0.0,2.6286666666666663,4.793666666666667,3.2169654645873944,1,2003-12-31T16:00:00+00:00,2020-12-30T16:00:00+00:00,24.0,available,2056.333333,stale,0,0,54,0,6156,0,0,"{""observed"": 6156}",stale
taihu_thqbca_history,wind_speed,__issue__,0,0,0,1.0,,,,0,,,,unknown,,unknown,0,0,0,11,0,0,0,{},issue_only
taihu_thqbca_history,wind_speed,m/s,23809,23809,0,0.0,0.0,15.0,3.378814733924146,1,1955-12-31T16:00:00+00:00,2021-05-30T16:00:00+00:00,24.0,available,1905.333333,stale,0,2,9,0,23809,0,0,"{""observed"": 23809}",stale
