artifact_id,model_file,model_file_exists,sha256_match_manifest,task_id,variant,protocol,month_offset,horizon_days,label_provenance,run_dir,run_dir_name_rule_match,empirical_coverage_test,test_n,calibration_n_run,calibration_source_run,calibration_status,bundle_residual_p05,bundle_residual_p95,bundle_width,bundle_calibration_n,unc_vs_bundle,diff_detail
T1:bloom:frozen_split:off0:h15:s20260907,models/T1-bloom-0m-s20260907-15d.joblib,yes,yes,T1,bloom,frozen_split,0,15,proxy_derived,T1-bloom-15d-0m,yes,0.9750,40,212,train_expanding_fold_oof_plus_validation_residuals,calibrated(cal_n=212),-0.350995,0.000000,0.350995,212,inconsistency(string),calibration_source bundle='train_fold_out_of_fold_plus_validation' vs run='train_expanding_fold_oof_plus_validation_residuals'
T1:bloom:frozen_split:off0:h1:s20260907,models/T1-bloom-0m-s20260907-1d.joblib,yes,yes,T1,bloom,frozen_split,0,1,proxy_derived,T1-bloom-1d-0m,yes,0.9750,40,212,train_expanding_fold_oof_plus_validation_residuals,calibrated(cal_n=212),-0.350995,0.000000,0.350995,212,inconsistency(string),calibration_source bundle='train_fold_out_of_fold_plus_validation' vs run='train_expanding_fold_oof_plus_validation_residuals'
T1:bloom:frozen_split:off0:h3:s20260907,models/T1-bloom-0m-s20260907-3d.joblib,yes,yes,T1,bloom,frozen_split,0,3,proxy_derived,T1-bloom-3d-0m,yes,0.9750,40,212,train_expanding_fold_oof_plus_validation_residuals,calibrated(cal_n=212),-0.350995,0.000000,0.350995,212,inconsistency(string),calibration_source bundle='train_fold_out_of_fold_plus_validation' vs run='train_expanding_fold_oof_plus_validation_residuals'
T1:bloom:frozen_split:off0:h7:s20260907,models/T1-bloom-0m-s20260907-7d.joblib,yes,yes,T1,bloom,frozen_split,0,7,proxy_derived,T1-bloom-7d-0m,yes,0.9750,40,212,train_expanding_fold_oof_plus_validation_residuals,calibrated(cal_n=212),-0.350995,0.000000,0.350995,212,inconsistency(string),calibration_source bundle='train_fold_out_of_fold_plus_validation' vs run='train_expanding_fold_oof_plus_validation_residuals'
T1:bloom:train_internal_time_block_cv_v1:off1:h30:s20260907,models/T1-bloom-1m-s20260907-30d.joblib,yes,yes,T1,bloom,train_internal_time_block_cv_v1,1,30,proxy_derived,T1-bloom-30d-1m-cv,yes,1.0000,5,16,train_expanding_fold_oof_plus_validation_residuals,calibrated(cal_n=16),0.000000,0.000000,0.000000,16,inconsistency(string),calibration_source bundle='train_fold_out_of_fold_plus_validation' vs run='train_expanding_fold_oof_plus_validation_residuals'
T1:bloom:train_internal_time_block_cv_v1:off2:h60:s20260907,models/T1-bloom-2m-s20260907-60d.joblib,yes,yes,T1,bloom,train_internal_time_block_cv_v1,2,60,proxy_derived,T1-bloom-60d-2m-cv,yes,1.0000,5,16,train_expanding_fold_oof_plus_validation_residuals,calibrated(cal_n=16),0.000000,0.000000,0.000000,16,inconsistency(string),calibration_source bundle='train_fold_out_of_fold_plus_validation' vs run='train_expanding_fold_oof_plus_validation_residuals'
T1:bloom:train_internal_time_block_cv_v1:off3:h90:s20260907,models/T1-bloom-3m-s20260907-90d.joblib,yes,yes,T1,bloom,train_internal_time_block_cv_v1,3,90,proxy_derived,T1-bloom-90d-3m-cv,yes,1.0000,28,261,train_expanding_fold_oof_plus_validation_residuals,calibrated(cal_n=261),-0.118056,0.000000,0.118056,261,inconsistency(string),calibration_source bundle='train_fold_out_of_fold_plus_validation' vs run='train_expanding_fold_oof_plus_validation_residuals'
T3:density:train_internal_time_block_cv_v1:off0:h15:s20260907,models/T3-density-0m-s20260907-15d.joblib,yes,yes,T3,density,train_internal_time_block_cv_v1,0,15,proxy_derived,T3-density-15d-0m-cv,yes,0.7692 (<0.88 验收线),117,225,train_expanding_fold_oof_plus_validation_residuals,calibrated(cal_n=225),-0.245419,0.503331,0.748750,225,inconsistency(string),calibration_source bundle='train_fold_out_of_fold_plus_validation' vs run='train_expanding_fold_oof_plus_validation_residuals'
T3:density:train_internal_time_block_cv_v1:off0:h1:s20260907,models/T3-density-0m-s20260907-1d.joblib,yes,yes,T3,density,train_internal_time_block_cv_v1,0,1,proxy_derived,T3-density-1d-0m-cv,yes,0.7692 (<0.88 验收线),117,225,train_expanding_fold_oof_plus_validation_residuals,calibrated(cal_n=225),-0.245419,0.503331,0.748750,225,inconsistency(string),calibration_source bundle='train_fold_out_of_fold_plus_validation' vs run='train_expanding_fold_oof_plus_validation_residuals'
T3:density:train_internal_time_block_cv_v1:off0:h3:s20260907,models/T3-density-0m-s20260907-3d.joblib,yes,yes,T3,density,train_internal_time_block_cv_v1,0,3,proxy_derived,T3-density-3d-0m-cv,yes,0.7692 (<0.88 验收线),117,225,train_expanding_fold_oof_plus_validation_residuals,calibrated(cal_n=225),-0.245419,0.503331,0.748750,225,inconsistency(string),calibration_source bundle='train_fold_out_of_fold_plus_validation' vs run='train_expanding_fold_oof_plus_validation_residuals'
T3:density:train_internal_time_block_cv_v1:off0:h7:s20260907,models/T3-density-0m-s20260907-7d.joblib,yes,yes,T3,density,train_internal_time_block_cv_v1,0,7,proxy_derived,T3-density-7d-0m-cv,yes,0.7692 (<0.88 验收线),117,225,train_expanding_fold_oof_plus_validation_residuals,calibrated(cal_n=225),-0.245419,0.503331,0.748750,225,inconsistency(string),calibration_source bundle='train_fold_out_of_fold_plus_validation' vs run='train_expanding_fold_oof_plus_validation_residuals'
T3:density:train_internal_time_block_cv_v1:off3:h90:s20260907,models/T3-density-3m-s20260907-90d.joblib,yes,yes,T3,density,train_internal_time_block_cv_v1,3,90,proxy_derived,T3-density-90d-3m-cv,yes,0.7949 (<0.88 验收线),117,225,train_expanding_fold_oof_plus_validation_residuals,calibrated(cal_n=225),-0.247103,0.483750,0.730854,225,inconsistency(string),calibration_source bundle='train_fold_out_of_fold_plus_validation' vs run='train_expanding_fold_oof_plus_validation_residuals'
T4:biomass:train_internal_time_block_cv_v1:off0:h15:s20260907,models/T4-biomass-0m-s20260907-15d.joblib,yes,yes,T4,biomass,train_internal_time_block_cv_v1,0,15,ground_truth,T4-biomass-15d-0m-cv,yes,0.7436 (<0.88 验收线),117,225,train_expanding_fold_oof_plus_validation_residuals,calibrated(cal_n=225),-3.936931,17.090977,21.027908,225,inconsistency(string),calibration_source bundle='train_fold_out_of_fold_plus_validation' vs run='train_expanding_fold_oof_plus_validation_residuals'
T4:biomass:train_internal_time_block_cv_v1:off0:h1:s20260907,models/T4-biomass-0m-s20260907-1d.joblib,yes,yes,T4,biomass,train_internal_time_block_cv_v1,0,1,ground_truth,T4-biomass-1d-0m-cv,yes,0.7436 (<0.88 验收线),117,225,train_expanding_fold_oof_plus_validation_residuals,calibrated(cal_n=225),-3.936931,17.090977,21.027908,225,inconsistency(string),calibration_source bundle='train_fold_out_of_fold_plus_validation' vs run='train_expanding_fold_oof_plus_validation_residuals'
T4:biomass:train_internal_time_block_cv_v1:off0:h3:s20260907,models/T4-biomass-0m-s20260907-3d.joblib,yes,yes,T4,biomass,train_internal_time_block_cv_v1,0,3,ground_truth,T4-biomass-3d-0m-cv,yes,0.7436 (<0.88 验收线),117,225,train_expanding_fold_oof_plus_validation_residuals,calibrated(cal_n=225),-3.936931,17.090977,21.027908,225,inconsistency(string),calibration_source bundle='train_fold_out_of_fold_plus_validation' vs run='train_expanding_fold_oof_plus_validation_residuals'
T4:biomass:train_internal_time_block_cv_v1:off0:h7:s20260907,models/T4-biomass-0m-s20260907-7d.joblib,yes,yes,T4,biomass,train_internal_time_block_cv_v1,0,7,ground_truth,T4-biomass-7d-0m-cv,yes,0.7436 (<0.88 验收线),117,225,train_expanding_fold_oof_plus_validation_residuals,calibrated(cal_n=225),-3.936931,17.090977,21.027908,225,inconsistency(string),calibration_source bundle='train_fold_out_of_fold_plus_validation' vs run='train_expanding_fold_oof_plus_validation_residuals'
T4:biomass:train_internal_time_block_cv_v1:off3:h90:s20260907,models/T4-biomass-3m-s20260907-90d.joblib,yes,yes,T4,biomass,train_internal_time_block_cv_v1,3,90,ground_truth,T4-biomass-90d-3m-cv,yes,0.8120 (<0.88 验收线),117,225,train_expanding_fold_oof_plus_validation_residuals,calibrated(cal_n=225),-4.578407,19.876286,24.454693,225,inconsistency(string),calibration_source bundle='train_fold_out_of_fold_plus_validation' vs run='train_expanding_fold_oof_plus_validation_residuals'
T5:chla:train_internal_time_block_cv_v1:off0:h15:s20260907,models/T5-chla-0m-s20260907-15d.joblib,yes,yes,T5,chla,train_internal_time_block_cv_v1,0,15,mixed(chla_station_proxy_v1|ground_truth),T5-chla-15d-0m-cv,yes,0.8030 (<0.88 验收线),132,234,train_expanding_fold_oof_plus_validation_residuals,calibrated(cal_n=234),-5.576590,4.405361,9.981951,234,inconsistency(string),calibration_source bundle='train_fold_out_of_fold_plus_validation' vs run='train_expanding_fold_oof_plus_validation_residuals'
T5:chla:train_internal_time_block_cv_v1:off0:h1:s20260907,models/T5-chla-0m-s20260907-1d.joblib,yes,yes,T5,chla,train_internal_time_block_cv_v1,0,1,mixed(chla_station_proxy_v1|ground_truth),T5-chla-1d-0m-cv,yes,0.8030 (<0.88 验收线),132,234,train_expanding_fold_oof_plus_validation_residuals,calibrated(cal_n=234),-5.576590,4.405361,9.981951,234,inconsistency(string),calibration_source bundle='train_fold_out_of_fold_plus_validation' vs run='train_expanding_fold_oof_plus_validation_residuals'
T5:chla:train_internal_time_block_cv_v1:off0:h3:s20260907,models/T5-chla-0m-s20260907-3d.joblib,yes,yes,T5,chla,train_internal_time_block_cv_v1,0,3,mixed(chla_station_proxy_v1|ground_truth),T5-chla-3d-0m-cv,yes,0.8030 (<0.88 验收线),132,234,train_expanding_fold_oof_plus_validation_residuals,calibrated(cal_n=234),-5.576590,4.405361,9.981951,234,inconsistency(string),calibration_source bundle='train_fold_out_of_fold_plus_validation' vs run='train_expanding_fold_oof_plus_validation_residuals'
T5:chla:train_internal_time_block_cv_v1:off0:h7:s20260907,models/T5-chla-0m-s20260907-7d.joblib,yes,yes,T5,chla,train_internal_time_block_cv_v1,0,7,mixed(chla_station_proxy_v1|ground_truth),T5-chla-7d-0m-cv,yes,0.8030 (<0.88 验收线),132,234,train_expanding_fold_oof_plus_validation_residuals,calibrated(cal_n=234),-5.576590,4.405361,9.981951,234,inconsistency(string),calibration_source bundle='train_fold_out_of_fold_plus_validation' vs run='train_expanding_fold_oof_plus_validation_residuals'
T5:chla:train_internal_time_block_cv_v1:off3:h90:s20260907,models/T5-chla-3m-s20260907-90d.joblib,yes,yes,T5,chla,train_internal_time_block_cv_v1,3,90,chla_station_proxy_v1,T5-chla-90d-3m-cv,yes,0.8547 (<0.88 验收线),117,225,train_expanding_fold_oof_plus_validation_residuals,calibrated(cal_n=225),-3.952199,7.214580,11.166779,225,inconsistency(string),calibration_source bundle='train_fold_out_of_fold_plus_validation' vs run='train_expanding_fold_oof_plus_validation_residuals'
T6:probability:frozen_split:off0:h15:s20260907,models/T6-probability-0m-s20260907-15d.joblib,yes,yes,T6,probability,frozen_split,0,15,proxy_derived,T6-probability-15d-0m,yes,0.9750,40,212,train_expanding_fold_oof_plus_validation_residuals,calibrated(cal_n=212),-0.350995,0.000000,0.350995,212,inconsistency(string),calibration_source bundle='train_fold_out_of_fold_plus_validation' vs run='train_expanding_fold_oof_plus_validation_residuals'
T6:probability:frozen_split:off0:h1:s20260907,models/T6-probability-0m-s20260907-1d.joblib,yes,yes,T6,probability,frozen_split,0,1,proxy_derived,T6-probability-1d-0m,yes,0.9750,40,212,train_expanding_fold_oof_plus_validation_residuals,calibrated(cal_n=212),-0.350995,0.000000,0.350995,212,inconsistency(string),calibration_source bundle='train_fold_out_of_fold_plus_validation' vs run='train_expanding_fold_oof_plus_validation_residuals'
T6:probability:frozen_split:off0:h3:s20260907,models/T6-probability-0m-s20260907-3d.joblib,yes,yes,T6,probability,frozen_split,0,3,proxy_derived,T6-probability-3d-0m,yes,0.9750,40,212,train_expanding_fold_oof_plus_validation_residuals,calibrated(cal_n=212),-0.350995,0.000000,0.350995,212,inconsistency(string),calibration_source bundle='train_fold_out_of_fold_plus_validation' vs run='train_expanding_fold_oof_plus_validation_residuals'
T6:probability:frozen_split:off0:h7:s20260907,models/T6-probability-0m-s20260907-7d.joblib,yes,yes,T6,probability,frozen_split,0,7,proxy_derived,T6-probability-7d-0m,yes,0.9750,40,212,train_expanding_fold_oof_plus_validation_residuals,calibrated(cal_n=212),-0.350995,0.000000,0.350995,212,inconsistency(string),calibration_source bundle='train_fold_out_of_fold_plus_validation' vs run='train_expanding_fold_oof_plus_validation_residuals'
T6:probability:train_internal_time_block_cv_v1:off1:h30:s20260907,models/T6-probability-1m-s20260907-30d.joblib,yes,yes,T6,probability,train_internal_time_block_cv_v1,1,30,proxy_derived,T6-probability-30d-1m-cv,yes,1.0000,5,16,train_expanding_fold_oof_plus_validation_residuals,calibrated(cal_n=16),0.000000,0.000000,0.000000,16,inconsistency(string),calibration_source bundle='train_fold_out_of_fold_plus_validation' vs run='train_expanding_fold_oof_plus_validation_residuals'
T6:probability:train_internal_time_block_cv_v1:off2:h60:s20260907,models/T6-probability-2m-s20260907-60d.joblib,yes,yes,T6,probability,train_internal_time_block_cv_v1,2,60,proxy_derived,T6-probability-60d-2m-cv,yes,1.0000,5,16,train_expanding_fold_oof_plus_validation_residuals,calibrated(cal_n=16),0.000000,0.000000,0.000000,16,inconsistency(string),calibration_source bundle='train_fold_out_of_fold_plus_validation' vs run='train_expanding_fold_oof_plus_validation_residuals'
T6:probability:train_internal_time_block_cv_v1:off3:h90:s20260907,models/T6-probability-3m-s20260907-90d.joblib,yes,yes,T6,probability,train_internal_time_block_cv_v1,3,90,proxy_derived,T6-probability-90d-3m-cv,yes,1.0000,28,261,train_expanding_fold_oof_plus_validation_residuals,calibrated(cal_n=261),-0.118056,0.000000,0.118056,261,inconsistency(string),calibration_source bundle='train_fold_out_of_fold_plus_validation' vs run='train_expanding_fold_oof_plus_validation_residuals'
T6:risk_level:train_internal_time_block_cv_v1:off0:h15:s20260907,models/T6-risk_level-0m-s20260907-15d.joblib,yes,yes,T6,risk_level,train_internal_time_block_cv_v1,0,15,mixed(chla_station_proxy_v1|ground_truth),T6-risk_level-15d-0m-cv,yes,NA,132,0,train_expanding_fold_oof_plus_validation_residuals,not_calibrated(cal_n=0),NA,NA,NA,NA,consistent(structural),
T6:risk_level:train_internal_time_block_cv_v1:off0:h1:s20260907,models/T6-risk_level-0m-s20260907-1d.joblib,yes,yes,T6,risk_level,train_internal_time_block_cv_v1,0,1,mixed(chla_station_proxy_v1|ground_truth),T6-risk_level-1d-0m-cv,yes,NA,132,0,train_expanding_fold_oof_plus_validation_residuals,not_calibrated(cal_n=0),NA,NA,NA,NA,consistent(structural),
T6:risk_level:train_internal_time_block_cv_v1:off0:h3:s20260907,models/T6-risk_level-0m-s20260907-3d.joblib,yes,yes,T6,risk_level,train_internal_time_block_cv_v1,0,3,mixed(chla_station_proxy_v1|ground_truth),T6-risk_level-3d-0m-cv,yes,NA,132,0,train_expanding_fold_oof_plus_validation_residuals,not_calibrated(cal_n=0),NA,NA,NA,NA,consistent(structural),
T6:risk_level:train_internal_time_block_cv_v1:off0:h7:s20260907,models/T6-risk_level-0m-s20260907-7d.joblib,yes,yes,T6,risk_level,train_internal_time_block_cv_v1,0,7,mixed(chla_station_proxy_v1|ground_truth),T6-risk_level-7d-0m-cv,yes,NA,132,0,train_expanding_fold_oof_plus_validation_residuals,not_calibrated(cal_n=0),NA,NA,NA,NA,consistent(structural),
T6:risk_level:train_internal_time_block_cv_v1:off3:h90:s20260907,models/T6-risk_level-3m-s20260907-90d.joblib,yes,yes,T6,risk_level,train_internal_time_block_cv_v1,3,90,chla_station_proxy_v1,T6-risk_level-90d-3m-cv,yes,NA,117,0,train_expanding_fold_oof_plus_validation_residuals,not_calibrated(cal_n=0),NA,NA,NA,NA,consistent(structural),
